label,scene,status,pct_panel,render_per_eye,mbps_target,predicted,encoded,bitrate_mbps_mean,decode_min_ms,decode_mean_ms,decode_p50_ms,decode_p95_ms,decode_p99_ms,fence_mean_ms,fence_p95_ms,fence_p99_ms,encoder_mean_ms,decoder_mean_ms,total_mean_ms,total_p50_ms,total_p95_ms,fps_mean,fps_median,fps_p1_low,decoder_queue_mean_ms,vsync_queue_mean_ms,partial,dropped,skipped,late_packets,counters_windowed,packets_lost,gpu_mhz_mean,gpu_c_end,cpu_c_end,hottest_c_start,hottest_c_end,thermal_status_start,thermal_status_end,battery_start,battery_end,battery_drain_pct_per_hour,psnr_y,ssim,vmaf,quality_frames
PM100-300,home,ok,100,3552x3840,300,3328x1472,3328x1472,301.218354568896,9.76,11.229999999999999,11.04,13.25,13.37,18.706666666666667,22.53,23.64,5.773205237711523,20.152120939564867,84.10723162449638,82.43749,97.07916499999999,48.667725548751,44.99962,29.366092166666665,1.5204198154713942,33.632618643029815,4,11,1085,890,True,0,625.9736842105264,67.9,73.3,71.3,84.9,1,3,83,83,0.0,,,,0
PM100-400,home,ok,100,3552x3840,400,3328x1472,3328x1472,401.52346863833475,9.81,11.343333333333334,11.15,13.18,13.3,17.986666666666665,22.18,22.78,6.993667302688639,20.82726471899393,83.87803696444058,81.62059,96.37731,45.75167362879445,44.998455,25.905709272727275,2.034592673026886,31.90974954379879,30,56,730,6202,True,0,620.7179487179487,67.9,74.0,70.0,85.9,1,3,59,58,24.977070860142554,,,,0
PM60-300,home,ok,60,2131x2304,300,1984x896,1984x896,300.69971164012736,3.48,3.7075,3.545,4.51,4.67,5.6375,6.85,7.68,5.365318590764331,10.752779300159236,63.524766844347134,63.92027,67.63147599999999,89.82087891679936,90.00006,71.77452948,10.435256693471338,19.17917624164013,8,5,1,1000,True,0,625.1842105263158,67.9,72.0,71.4,80.8,1,2,60,59,27.43497015270552,,,,0
PM60-400,home,ok,60,2131x2304,400,1984x896,1984x896,401.20627137239165,2.76,3.58,3.59,4.31,4.35,5.2375,6.37,6.76,6.579054253611557,10.932035548154094,59.569007096308184,57.168048,68.2764,89.47028208868379,89.99963,44.37423775,7.40557934470305,19.693479989967894,26,27,6,6914,True,0,731.7435897435897,67.9,72.3,69.7,82.5,1,3,83,83,0.0,,,,0
PM60-400-R,home,ok,60,2131x2304,400,1984x896,1984x896,400.87192999999996,2.81,2.96,2.91,3.53,3.6,4.5375,5.24,5.76,6.55445350140056,10.780908173669468,55.48750597158863,51.9542,66.65549399999999,89.58567988155262,90.00006,46.817052249999996,4.625276326930773,18.135846085634252,21,22,2,5251,True,0,739.4102564102564,68.2,73.7,72.0,81.8,1,3,55,54,27.597793895928667,,,,0
PM70-300,home,ok,70,2486x2688,300,2304x1056,2304x1056,300.77885856346995,3.75,4.3025,4.54,5.51,5.6,6.2575,7.55,9.32,5.3552738161559885,10.789295515320333,63.178545227218464,63.17053,66.92916,89.83881362594508,90.00047,73.6810552,10.228063364504576,20.165009650218863,5,10,0,583,True,0,732.5,68.6,74.7,71.6,85.2,1,3,83,83,0.0,,,,0
PM70-400,home,ok,70,2486x2688,400,2304x1056,2304x1056,400.25506510358565,3.8,4.7675,4.59,6.03,6.12,7.3575,9.05,9.26,6.70746860557769,10.648567567330677,60.333988865737055,59.285626,63.05517,89.80276687171315,90.00006,70.02583536,2.376112708366534,22.209623973306773,2,6,2,511,True,0,725.5,68.2,73.3,72.4,86.2,1,3,57,56,24.98154901928039,,,,0
PM80-300,home,ok,80,2842x3072,300,2624x1184,2624x1184,300.3780226732673,4.67,5.63,5.5649999999999995,6.44,6.63,8.175,10.48,10.94,5.523882092122256,10.473733229875162,70.62922854498493,69.64041999999999,79.658754,83.91069569737408,89.99027,67.33047347826087,12.573668495049505,22.821317517003877,4,7,3,1001,True,0,731.25,68.6,73.7,69.9,87.6,1,4,58,57,24.785624499890194,,,,0
PM80-400,home,ok,80,2842x3072,400,2624x1184,2624x1184,405.4808809976798,4.7,5.535,5.63,6.47,6.62,7.9825,10.05,11.11,6.7961449187935035,10.344915422737818,75.26426636055685,75.20399,86.13221999999999,78.12164755313225,72.008064,43.573583904761904,13.20032039350348,24.64957096148492,13,18,12,3379,True,0,730.1538461538462,68.2,72.6,71.3,88.6,1,4,83,83,0.0,,,,0
PM90-300,home,ok,90,3197x3456,300,3008x1344,3008x1344,307.65671155533397,5.87,7.215,6.975,8.75,8.85,10.885,14.62,16.08,5.849068943170488,12.255868019441674,79.86975055882353,79.13302999999999,92.06436,73.2576641445663,72.001045,43.7978658,11.49156686340977,28.51217736540379,5,9,363,1106,True,0,730.2820512820513,67.9,73.3,71.4,91.0,1,4,56,55,21.26293331477078,,,,0
PM90-400,home,ok,90,3197x3456,400,3008x1344,3008x1344,440.3234107901488,5.83,7.23,7.0,8.71,8.92,10.7225,14.06,15.4,6.916993124679323,12.631678074397126,80.1550329374038,79.681985,92.71175,72.01037402873268,72.0005,36.001298,7.862423729091843,29.399749127757826,16,20,450,2906,True,0,732.275,67.9,73.3,69.9,90.6,1,4,83,60,494.47523907649645,,,,0
