scale_pct,mbps,encoded,bits_per_pixel,psnr_y,psnr_u,psnr_v,ssim_y,psnr_hvs,vmaf,frames,motion_to_photon_ms,fps_median,fps_p1_low
100,300,3328x1472,0.68,39.26,45.85,46.94,0.9666,43.1,96.21,30,84.1,45,29
100,400,3328x1472,0.91,40.56,47.13,48.61,0.972,44.99,96.28,30,83.9,45,26
90,300,3008x1344,0.82,39.44,46.02,47.49,0.9672,44.05,96.24,30,79.9,72,44
90,400,3008x1344,1.1,41.04,47.51,49.02,0.9729,45.81,96.71,30,80.2,72,36
80,300,2624x1184,1.07,40.79,46.64,48.54,0.9727,45.47,96.57,30,70.6,90,67
80,400,2624x1184,1.43,41.9,47.96,49.52,0.9772,47.06,96.94,30,75.3,72,44
70,300,2304x1056,1.37,41.47,47.53,48.96,0.9765,46.78,96.75,30,63.2,90,74
70,400,2304x1056,1.83,42.54,48.1,49.88,0.9808,48.33,96.84,30,60.3,90,70
60,300,1984x896,1.88,41.91,47.6,49.44,0.9808,48.13,96.68,30,63.5,90,72
60,400,1984x896,2.5,44.32,47.89,49.92,0.9877,50.26,97.07,30,59.6,90,44
