source,band,base_bytes,base_psnr,bytes_after,psnr_after,dpsnr_per_kb
kodak_kodim04,LH1,416634,32.507,457694,32.725,0.0053
kodak_kodim04,HL1,416634,32.507,460145,32.705,0.0045
kodak_kodim04,HH1,416634,32.507,435044,32.537,0.0016
kodak_kodim04,LH2,416634,32.507,433967,32.707,0.0116
kodak_kodim04,HL2,416634,32.507,435257,32.721,0.0115
kodak_kodim04,HH2,416634,32.507,432305,32.631,0.008
kodak_kodim04,LH3,416634,32.507,422243,32.595,0.0157
kodak_kodim04,HL3,416634,32.507,422819,32.599,0.015
kodak_kodim04,HH3,416634,32.507,421386,32.574,0.0141
kodak_kodim04,LH4,416634,32.507,418828,32.539,0.0149
kodak_kodim04,HL4,416634,32.507,418560,32.539,0.0167
kodak_kodim04,HH4,416634,32.507,418399,32.531,0.0139
kodak_kodim04,LH5,416634,32.507,417157,32.517,0.0203
kodak_kodim04,HL5,416634,32.507,417102,32.516,0.0196
kodak_kodim04,HH5,416634,32.507,417087,32.516,0.0204
kodak_kodim04,LL5,416634,32.507,417034,32.516,0.0248
kodak_kodim07,LH1,416615,31.567,443719,31.779,0.0078
kodak_kodim07,HL1,416615,31.567,446481,31.757,0.0063
kodak_kodim07,HH1,416615,31.567,433617,31.607,0.0023
kodak_kodim07,LH2,416615,31.567,436552,31.843,0.0138
kodak_kodim07,HL2,416615,31.567,432644,31.796,0.0143
kodak_kodim07,HH2,416615,31.567,428670,31.704,0.0113
kodak_kodim07,LH3,416615,31.567,423994,31.703,0.0185
kodak_kodim07,HL3,416615,31.567,422153,31.678,0.0199
kodak_kodim07,HH3,416615,31.567,422517,31.661,0.0159
kodak_kodim07,LH4,416615,31.567,418484,31.611,0.0232
kodak_kodim07,HL4,416615,31.567,418700,31.606,0.0185
kodak_kodim07,HH4,416615,31.567,418351,31.6,0.0191
kodak_kodim07,LH5,416615,31.567,417397,31.581,0.0181
kodak_kodim07,HL5,416615,31.567,416705,31.58,0.1468
kodak_kodim07,HH5,416615,31.567,416955,31.58,0.0367
kodak_kodim07,LL5,416615,31.567,417023,31.58,0.0313
kodak_kodim08,LH1,416629,22.44,475213,22.67,0.0039
kodak_kodim08,HL1,416629,22.44,469390,22.776,0.0064
kodak_kodim08,HH1,416629,22.44,425864,22.446,0.0006
kodak_kodim08,LH2,416629,22.44,438988,22.651,0.0094
kodak_kodim08,HL2,416629,22.44,437492,22.704,0.0127
kodak_kodim08,HH2,416629,22.44,432164,22.489,0.0031
kodak_kodim08,LH3,416629,22.44,422730,22.528,0.0144
kodak_kodim08,HL3,416629,22.44,423633,22.537,0.0138
kodak_kodim08,HH3,416629,22.44,421970,22.488,0.009
kodak_kodim08,LH4,416629,22.44,418236,22.475,0.0214
kodak_kodim08,HL4,416629,22.44,418213,22.476,0.0224
kodak_kodim08,HH4,416629,22.44,417718,22.466,0.0234
kodak_kodim08,LH5,416629,22.44,416859,22.45,0.0422
kodak_kodim08,HL5,416629,22.44,416995,22.45,0.0275
kodak_kodim08,HH5,416629,22.44,417196,22.45,0.0161
kodak_kodim08,LL5,416629,22.44,417397,22.449,0.0114
kodak_kodim19,LH1,416656,29.242,477456,29.5,0.0042
kodak_kodim19,HL1,416656,29.242,470055,29.534,0.0055
kodak_kodim19,HH1,416656,29.242,436886,29.259,0.0008
kodak_kodim19,LH2,416656,29.242,430382,29.453,0.0154
kodak_kodim19,HL2,416656,29.242,430444,29.402,0.0116
kodak_kodim19,HH2,416656,29.242,428553,29.34,0.0082
kodak_kodim19,LH3,416656,29.242,422652,29.339,0.0161
kodak_kodim19,HL3,416656,29.242,422226,29.31,0.0123
kodak_kodim19,HH3,416656,29.242,420353,29.299,0.0154
kodak_kodim19,LH4,416656,29.242,418044,29.279,0.0266
kodak_kodim19,HL4,416656,29.242,418567,29.271,0.0153
kodak_kodim19,HH4,416656,29.242,418460,29.267,0.0142
kodak_kodim19,LH5,416656,29.242,416965,29.251,0.0286
kodak_kodim19,HL5,416656,29.242,416980,29.251,0.0286
kodak_kodim19,HH5,416656,29.242,416894,29.251,0.0385
kodak_kodim19,LL5,416656,29.242,417112,29.251,0.0203
synthetic_panel,LH1,416408,73.668,425264,74.164,0.0561
synthetic_panel,HL1,416408,73.668,423836,74.342,0.0908
synthetic_panel,HH1,416408,73.668,421580,74.003,0.0648
synthetic_panel,LH2,416408,73.668,419751,73.852,0.0552
synthetic_panel,HL2,416408,73.668,419538,73.798,0.0416
synthetic_panel,HH2,416408,73.668,418782,73.759,0.0383
synthetic_panel,LH3,416408,73.668,417556,73.732,0.0563
synthetic_panel,HL3,416408,73.668,417821,73.71,0.0296
synthetic_panel,HH3,416408,73.668,417073,73.697,0.0439
synthetic_panel,LH4,416408,73.668,416863,73.693,0.0556
synthetic_panel,HL4,416408,73.668,416784,73.691,0.0611
synthetic_panel,HH4,416408,73.668,416690,73.679,0.0389
synthetic_panel,LH5,416408,73.668,416553,73.676,0.0583
synthetic_panel,HL5,416408,73.668,416589,73.674,0.0337
synthetic_panel,HH5,416408,73.668,416573,73.674,0.0374
synthetic_panel,LL5,416408,73.668,417048,73.759,0.1428
