source,rho_RG,rho_RB,rho_GB,space,H_c0,H_c1,H_c2,H_sum,inverse_ops_per_pixel,pca_axes
kodak_kodim04,0.608,0.6889,0.9569,RGB,7.067,7.225,7.304,21.596,0,
kodak_kodim04,0.608,0.6889,0.9569,YCbCr709,7.2,3.82,5.776,16.796,6,
kodak_kodim04,0.608,0.6889,0.9569,YCoCg,7.145,6.686,5.97,19.801,4,
kodak_kodim04,0.608,0.6889,0.9569,Y_R-G_B-G,7.145,6.718,5.549,19.413,4,
kodak_kodim04,0.608,0.6889,0.9569,PCA_offline,7.947,6.417,4.833,19.198,9,"[[-0.3849000036716461, -0.6402999758720398, -0.6646999716758728], [-0.9108999967575073, 0.37940001487731934, 0.16200000047683716], [-0.148499995470047, -0.667900025844574, 0.7293000221252441]]"
kodak_kodim07,0.8165,0.7553,0.909,RGB,7.195,7.121,6.939,21.255,0,
kodak_kodim07,0.8165,0.7553,0.909,YCbCr709,7.09,4.839,4.268,16.197,6,
kodak_kodim07,0.8165,0.7553,0.909,YCoCg,7.031,6.293,4.972,18.296,4,
kodak_kodim07,0.8165,0.7553,0.909,Y_R-G_B-G,7.031,5.293,5.69,18.015,4,
kodak_kodim07,0.8165,0.7553,0.909,PCA_offline,7.821,5.738,5.208,18.767,9,"[[-0.5827000141143799, -0.5636000037193298, -0.5855000019073486], [-0.7946000099182129, 0.24390000104904175, 0.5559999942779541], [0.17059999704360962, -0.7892000079154968, 0.589900016784668]]"
kodak_kodim08,0.9648,0.9167,0.9756,RGB,7.653,7.675,7.616,22.943,0,
kodak_kodim08,0.9648,0.9167,0.9756,YCbCr709,7.694,4.944,4.979,17.617,6,
kodak_kodim08,0.9648,0.9167,0.9756,YCoCg,7.644,6.507,5.088,19.24,4,
kodak_kodim08,0.9648,0.9167,0.9756,Y_R-G_B-G,7.644,5.92,5.747,19.312,4,
kodak_kodim08,0.9648,0.9167,0.9756,PCA_offline,8.433,6.022,4.741,19.195,9,"[[-0.5867999792098999, -0.6132000088691711, -0.5288000106811523], [-0.7351999878883362, 0.1298999935388565, 0.6651999950408936], [0.3391999900341034, -0.7791000008583069, 0.5271000266075134]]"
kodak_kodim19,0.9669,0.8257,0.9205,RGB,7.453,7.432,7.232,22.118,0,
kodak_kodim19,0.9669,0.8257,0.9205,YCbCr709,7.428,5.156,4.661,17.245,6,
kodak_kodim19,0.9669,0.8257,0.9205,YCoCg,7.356,6.638,4.428,18.423,4,
kodak_kodim19,0.9669,0.8257,0.9205,Y_R-G_B-G,7.356,5.488,5.995,18.839,4,
kodak_kodim19,0.9669,0.8257,0.9205,PCA_offline,8.215,5.987,3.866,18.068,9,"[[-0.6133999824523926, -0.5748999714851379, -0.5414999723434448], [-0.6194999814033508, -0.07500000298023224, 0.7814000248908997], [0.48989999294281006, -0.8147000074386597, 0.3100999891757965]]"
synthetic_panel,0.8334,0.8334,0.8333,RGB,1.366,1.366,1.366,4.098,0,
synthetic_panel,0.8334,0.8334,0.8333,YCbCr709,1.469,0.427,0.421,2.316,6,
synthetic_panel,0.8334,0.8334,0.8333,YCoCg,1.466,0.317,0.443,2.226,4,
synthetic_panel,0.8334,0.8334,0.8333,Y_R-G_B-G,1.466,0.317,0.317,2.101,4,
synthetic_panel,0.8334,0.8334,0.8333,PCA_offline,1.498,0.436,0.445,2.378,9,"[[-0.5774000287055969, -0.5774000287055969, -0.5773000121116638], [-0.061900001019239426, -0.6740999817848206, 0.7361000180244446], [-0.8141000270843506, 0.46070000529289246, 0.35350000858306885]]"
