evidence_id,candidate,source,hardware,resolution,input,quality_setting,size_or_bitrate,encode_time,decode_time,quality_metric,quality_value,what_was_timed,evidence_class
E001,C01,https://themaister.net/blog/2025/06/16/i-designed-my-own-ridiculously-fast-game-streaming-video-codec-pyrowave/,RX 9070 XT (RADV),1080p / 4K 4:2:0,y4m 8-bit,~1.5 bpp,200+ Mbit/s at 60 fps,0.13 ms (1080p) / 0.25 ms (4K),"""Under 100 microseconds""",none,UNKNOWN,GPU time; transfers/parse UNKNOWN,PUBLISHED
E002,C01,https://github.com/Themaister/pyrowave,UNKNOWN,1080p / 4K,UNKNOWN,UNKNOWN,UNKNOWN,"< ~0.1 ms (1080p), < ~0.2 ms (4K)",same claim,none,UNKNOWN,UNKNOWN,PUBLISHED
E003,C01,https://docs.punktfunk.unom.io/docs/pyrowave,RTX 5070 Ti,1080p,4:2:0 8-bit,~1.6 bpp,UNKNOWN,~0.15 ms,~0.07 ms,none,UNKNOWN,"""GPU compute""; transfers UNKNOWN",PUBLISHED (secondary)
E004,C04,https://github.com/CESNET/GPUJPEG/blob/master/README.md,RTX 3080,HD / 4K / 8K,RGB,"q75, non-interleaved, rst 24-36",UNKNOWN,0.54 ms HD / 1.71 ms 4K,0.75 ms HD / 1.94 ms 4K / 6.76 ms 8K,none,UNKNOWN,mean of 99 runs; transfers UNKNOWN,PUBLISHED
E005,C04,https://github.com/CESNET/GPUJPEG/issues/25,RTX 2070 Super,UNKNOWN,UNKNOWN,UNKNOWN,UNKNOWN,UNKNOWN,23.01 ms GPU vs 278.78 ms full,none,UNKNOWN,full figure includes transfers+preprocessing,PUBLISHED (issue thread)
E006,C04,https://github.com/CESNET/UltraGrid/wiki/Performance,UNKNOWN,1080p30,UNKNOWN,JPEG q90,UNKNOWN,NOT APPLICABLE,end-to-end 4 frames vs 3.75 uncompressed,none,UNKNOWN,"whole system, frames",PUBLISHED
E007,C04,https://arxiv.org/abs/2111.09219,A100 / V100,UNKNOWN,JPEG,UNKNOWN,UNKNOWN,NOT APPLICABLE,relative: up to 3.4x over nvJPEG HW,none,UNKNOWN,UNKNOWN,PUBLISHED
E008,C05,https://www.intopix.com/fasttico-xs-sdks,UNKNOWN,"""8K real-time""",UNKNOWN,UNKNOWN,UNKNOWN,UNKNOWN,UNKNOWN,none,UNKNOWN,marketing claim,PUBLISHED (marketing)
E009,C09,https://www.khronos.org/blog/video-encoding-and-decoding-with-vulkan-compute-shaders-in-ffmpeg,UNKNOWN,UNKNOWN,UNKNOWN,UNKNOWN,UNKNOWN,UNKNOWN,UNKNOWN,none,UNKNOWN,structure only (Golomb parse simplification),PUBLISHED
E010,FFv1 (reference only),https://www.khronos.org/blog/video-encoding-and-decoding-with-vulkan-compute-shaders-in-ffmpeg (claim unverified at source),RTX 6000 Ada,3840x2160 bgr0,lossless,50 Mbps,NOT APPLICABLE,UNKNOWN,"""400 fps"" (throughput)",lossless,NOT APPLICABLE,"throughput, not single-frame latency",PUBLISHED (unverified)
E011,C04/DXT,https://doi.org/10.1016/j.future.2013.06.006,UNKNOWN,1080p,UNKNOWN,UNKNOWN,UNKNOWN,NOT APPLICABLE,133 ms (JPEG) / 166 ms (DXT) motion-to-photon,none,UNKNOWN,whole system,PUBLISHED
E101,C01,captures/pyrowave-in-alvr/udp-ladder/README.md (this project),"Galaxy XR, Adreno 740","1984x896 4:4:4 (60 % render, foveated)",PyroWave UDP,400 Mbps @ 90 Hz,~556 KB/frame,"6.8 ms (RTX 3090, ALVR stage)",GPU decode 2.5/3.7/4.5/5.2 ms min/mean/p95/p99; submit->fence 6.4/8.3/8.9,subjective,"""good and smooth""","GPU timestamps on device (decode, convert, fence)",MEASURED
E102,C01,memory: pyrowave-client-decode-path (this project),"Galaxy XR, Adreno 740",3328x1472 4:4:4 / 4:2:0,PyroWave,600 Mbps @ 72 Hz,"1,041,660 B",NOT APPLICABLE,4:4:4 6.23 best / 8.19 mean ms; 4:2:0 3.64 / 5.08,PSNR-Y vs PC decode,55.16 dB (headset) vs 57.76 (PC),"GPU timestamps, 200 iterations",MEASURED
E103,C10,memory: pyrowave-beats-the-hw-decoder (this project),"Galaxy XR, Adreno video block",3328x1472,H.264 / HEVC via MediaCodec,600 Mbps,UNKNOWN,NOT APPLICABLE,H.264 14.80-18.88 ms; HEVC 82.01 ms,none,NOT APPLICABLE,ALVR decoder stage (packet received -> frame out),MEASURED
E104,C01,captures/pyrowave-in-alvr/rd-matrix/SUMMARY.md (this project),"RTX 3090 (encode/decode), scoring ffmpeg/libvmaf","1920..2560 per eye, SBS",4:4:4 8-bit,150..550 KB caps,exact caps,~0.3 s process,~0.3 s process (not decode latency),PSNR / PSNR-HVS / SSIM / VMAF,see matrix,process wall time,MEASURED (quality) / NOT decode latency
