source,transform,prefilter,delta,bytes_bitplane,psnr_vs_original,psnr_vs_prefiltered,bytes_bitplane_at_cap,psnr_vs_original_at_cap
kodak_kodim04,cdf97,none,44.8497,416634,32.507,32.507,416634,32.507
kodak_kodim04,cdf97,gauss_0.5,44.8497,309980,32.006,33.888,416626,33.091
kodak_kodim04,cdf97,gauss_0.8,44.8497,217873,30.636,35.721,416643,32.206
kodak_kodim04,cdf97,bilateral_5_20,44.8497,322406,31.748,35.135,416655,32.646
kodak_kodim04,haar,none,57.86772,416541,30.553,30.553,416541,30.553
kodak_kodim04,haar,gauss_0.5,57.86772,336415,30.233,31.446,416561,31.035
kodak_kodim04,haar,gauss_0.8,57.86772,257866,29.442,32.563,416602,30.649
kodak_kodim04,haar,bilateral_5_20,57.86772,346144,30.202,32.533,416566,30.859
kodak_kodim07,cdf97,none,57.2065,416615,31.567,31.567,416615,31.567
kodak_kodim07,cdf97,gauss_0.5,57.2065,328571,30.943,32.426,416646,32.196
kodak_kodim07,cdf97,gauss_0.8,57.2065,227634,29.453,33.774,416653,31.282
kodak_kodim07,cdf97,bilateral_5_20,57.2065,393968,31.021,32.546,416661,31.29
kodak_kodim07,haar,none,80.29853,416555,28.623,28.623,416555,28.623
kodak_kodim07,haar,gauss_0.5,80.29853,352794,28.413,29.12,416651,29.076
kodak_kodim07,haar,gauss_0.8,80.29853,267697,27.546,29.75,416605,28.883
kodak_kodim07,haar,bilateral_5_20,80.29853,394458,28.414,29.426,416504,28.614
kodak_kodim08,cdf97,none,145.81416,416629,22.44,22.44,416629,22.44
kodak_kodim08,cdf97,gauss_0.5,145.81416,289838,21.809,23.522,416645,23.069
kodak_kodim08,cdf97,gauss_0.8,145.81416,193250,20.752,25.458,416559,22.511
kodak_kodim08,cdf97,bilateral_5_20,145.81416,394025,22.333,23.145,416655,22.54
kodak_kodim08,haar,none,180.83816,416666,21.112,21.112,416666,21.112
kodak_kodim08,haar,gauss_0.5,180.83816,315074,20.654,21.804,416591,21.63
kodak_kodim08,haar,gauss_0.8,180.83816,197521,19.695,23.029,416621,21.406
kodak_kodim08,haar,bilateral_5_20,180.83816,414365,21.065,21.777,416626,21.101
kodak_kodim19,cdf97,none,62.89171,416656,29.242,29.242,416656,29.242
kodak_kodim19,cdf97,gauss_0.5,62.89171,314850,28.596,30.532,416646,29.692
kodak_kodim19,cdf97,gauss_0.8,62.89171,192089,26.227,32.396,416638,27.926
kodak_kodim19,cdf97,bilateral_5_20,62.89171,350715,28.821,31.36,416656,29.506
kodak_kodim19,haar,none,76.43852,416554,28.077,28.077,416554,28.077
kodak_kodim19,haar,gauss_0.5,76.43852,333059,27.614,28.963,416630,28.491
kodak_kodim19,haar,gauss_0.8,76.43852,250719,25.791,29.946,416603,27.21
kodak_kodim19,haar,bilateral_5_20,76.43852,368907,27.833,29.96,416627,28.328
synthetic_panel,cdf97,none,0.76991,416408,73.668,73.668,416408,73.668
synthetic_panel,cdf97,gauss_0.5,0.76991,384186,33.713,73.342,416665,33.733
synthetic_panel,cdf97,gauss_0.8,0.76991,334413,26.496,73.729,416579,26.497
synthetic_panel,cdf97,bilateral_5_20,0.76991,422103,48.584,73.953,416659,48.58
synthetic_panel,haar,none,0.49853,415723,79.303,79.303,415723,79.303
synthetic_panel,haar,gauss_0.5,0.49853,468879,33.729,77.685,415031,33.725
synthetic_panel,haar,gauss_0.8,0.49853,460740,26.494,77.069,416662,26.494
synthetic_panel,haar,bilateral_5_20,0.49853,429980,48.595,77.105,416659,48.592
