source,transform,precision,psnr_vs_fp32,psnr_vs_source,max_abs_err
kodak_kodim04,cdf97,fp16_storage,81.059,32.507,0.133
kodak_kodim04,cdf97,fp16_math,55.703,32.486,3.155
kodak_kodim04,cdf97,int16,99.328,32.506,0.014
kodak_kodim04,cdf53,fp16_storage,84.682,32.212,0.118
kodak_kodim04,cdf53,fp16_math,72.871,32.211,0.665
kodak_kodim04,cdf53,int16,99.402,32.212,0.015
kodak_kodim04,haar,fp16_storage,81.196,30.553,0.104
kodak_kodim04,haar,fp16_math,72.677,30.55,0.521
kodak_kodim04,haar,int16,89.878,30.551,0.117
kodak_kodim04,dct16,fp16_storage,81.769,31.051,0.09
kodak_kodim04,dct16,fp16_math,81.769,31.051,0.09
kodak_kodim04,dct16,int16,96.946,31.052,0.04
kodak_kodim04,wht16,fp16_storage,81.8,29.415,0.09
kodak_kodim04,wht16,fp16_math,81.8,29.415,0.09
kodak_kodim04,wht16,int16,96.017,29.417,0.052
kodak_kodim04,lap,fp16_storage,87.252,28.783,0.073
kodak_kodim04,lap,fp16_math,87.252,28.783,0.073
kodak_kodim04,lap,int16,104.958,28.783,0.006
kodak_kodim07,cdf97,fp16_storage,80.356,31.567,0.102
kodak_kodim07,cdf97,fp16_math,54.452,31.544,2.837
kodak_kodim07,cdf97,int16,100.079,31.567,0.014
kodak_kodim07,cdf53,fp16_storage,83.302,31.133,0.076
kodak_kodim07,cdf53,fp16_math,71.326,31.131,0.433
kodak_kodim07,cdf53,int16,102.152,31.132,0.012
kodak_kodim07,haar,fp16_storage,81.664,28.623,0.073
kodak_kodim07,haar,fp16_math,71.614,28.622,0.522
kodak_kodim07,haar,int16,85.134,28.627,0.159
kodak_kodim07,dct16,fp16_storage,80.817,29.995,0.084
kodak_kodim07,dct16,fp16_math,80.817,29.995,0.084
kodak_kodim07,dct16,int16,91.924,29.998,0.06
kodak_kodim07,wht16,fp16_storage,79.261,27.85,0.08
kodak_kodim07,wht16,fp16_math,79.261,27.85,0.08
kodak_kodim07,wht16,int16,92.738,27.851,0.06
kodak_kodim07,lap,fp16_storage,85.607,25.633,0.046
kodak_kodim07,lap,fp16_math,85.607,25.633,0.046
kodak_kodim07,lap,int16,103.72,25.633,0.007
kodak_kodim08,cdf97,fp16_storage,77.98,22.441,0.176
kodak_kodim08,cdf97,fp16_math,53.378,22.44,3.399
kodak_kodim08,cdf97,int16,97.103,22.44,0.017
kodak_kodim08,cdf53,fp16_storage,78.609,22.335,0.139
kodak_kodim08,cdf53,fp16_math,70.373,22.335,0.56
kodak_kodim08,cdf53,int16,99.432,22.334,0.016
kodak_kodim08,haar,fp16_storage,79.132,21.111,0.108
kodak_kodim08,haar,fp16_math,69.922,21.111,0.473
kodak_kodim08,haar,int16,88.364,21.113,0.071
kodak_kodim08,dct16,fp16_storage,81.121,22.336,0.063
kodak_kodim08,dct16,fp16_math,81.121,22.336,0.063
kodak_kodim08,dct16,int16,90.702,22.335,0.058
kodak_kodim08,wht16,fp16_storage,79.319,21.37,0.102
kodak_kodim08,wht16,fp16_math,79.319,21.37,0.102
kodak_kodim08,wht16,int16,90.508,21.368,0.06
kodak_kodim08,lap,fp16_storage,84.181,17.971,0.077
kodak_kodim08,lap,fp16_math,84.181,17.971,0.077
kodak_kodim08,lap,int16,104.224,17.97,0.006
kodak_kodim19,cdf97,fp16_storage,79.926,29.242,0.139
kodak_kodim19,cdf97,fp16_math,54.321,29.229,3.407
kodak_kodim19,cdf97,int16,99.261,29.242,0.013
kodak_kodim19,cdf53,fp16_storage,80.801,29.061,0.144
kodak_kodim19,cdf53,fp16_math,70.979,29.06,0.515
kodak_kodim19,cdf53,int16,102.999,29.061,0.011
kodak_kodim19,haar,fp16_storage,80.053,28.077,0.086
kodak_kodim19,haar,fp16_math,72.482,28.078,0.57
kodak_kodim19,haar,int16,92.939,28.078,0.053
kodak_kodim19,dct16,fp16_storage,80.048,28.506,0.086
kodak_kodim19,dct16,fp16_math,80.048,28.506,0.086
kodak_kodim19,dct16,int16,94.578,28.506,0.046
kodak_kodim19,wht16,fp16_storage,80.158,27.408,0.093
kodak_kodim19,wht16,fp16_math,80.158,27.408,0.093
kodak_kodim19,wht16,int16,94.896,27.408,0.046
kodak_kodim19,lap,fp16_storage,83.955,25.019,0.077
kodak_kodim19,lap,fp16_math,83.955,25.019,0.077
kodak_kodim19,lap,int16,103.857,25.018,0.007
synthetic_panel,cdf97,fp16_storage,85.678,73.651,0.152
synthetic_panel,cdf97,fp16_math,63.788,63.385,3.242
synthetic_panel,cdf97,int16,93.369,73.518,0.034
synthetic_panel,cdf53,fp16_storage,88.394,73.703,0.171
synthetic_panel,cdf53,fp16_math,78.916,72.735,0.738
synthetic_panel,cdf53,int16,94.321,73.624,0.039
synthetic_panel,haar,fp16_storage,87.547,79.121,0.129
synthetic_panel,haar,fp16_math,77.579,75.489,0.698
synthetic_panel,haar,int16,85.31,78.629,0.269
synthetic_panel,dct16,fp16_storage,85.593,64.738,0.142
synthetic_panel,dct16,fp16_math,85.593,64.738,0.142
synthetic_panel,dct16,int16,91.637,64.78,0.5
synthetic_panel,wht16,fp16_storage,88.414,64.297,0.116
synthetic_panel,wht16,fp16_math,88.414,64.297,0.116
synthetic_panel,wht16,int16,92.505,64.302,0.51
synthetic_panel,lap,fp16_storage,92.145,52.362,0.093
synthetic_panel,lap,fp16_math,92.145,52.362,0.093
synthetic_panel,lap,int16,99.19,52.371,0.012
