source,transform,eps,sparsity,psnr_y,energy_kept
kodak_kodim04,cdf97,0.5,0.16661,66.896,0.999999
kodak_kodim04,cdf97,1,0.30656,58.427,0.999992
kodak_kodim04,cdf97,2,0.50693,50.812,0.999954
kodak_kodim04,cdf97,4,0.70339,44.636,0.999811
kodak_kodim04,cdf97,8,0.8468,39.595,0.999404
kodak_kodim04,cdf97,16,0.93241,35.402,0.998455
kodak_kodim04,cdf97,32,0.97377,32.024,0.996669
kodak_kodim04,cdf97,64,0.99015,29.346,0.99387
kodak_kodim04,cdf53,0.5,0.16351,67.043,0.999997
kodak_kodim04,cdf53,1,0.30101,58.529,0.999982
kodak_kodim04,cdf53,2,0.49994,50.863,0.999894
kodak_kodim04,cdf53,4,0.69771,44.623,0.999561
kodak_kodim04,cdf53,8,0.84275,39.528,0.998607
kodak_kodim04,cdf53,16,0.93001,35.284,0.996366
kodak_kodim04,cdf53,32,0.97236,31.883,0.99212
kodak_kodim04,cdf53,64,0.98965,29.179,0.985288
kodak_kodim04,haar,0.5,0.13032,68.76,0.999999
kodak_kodim04,haar,1,0.26012,59.132,0.999992
kodak_kodim04,haar,2,0.43918,51.373,0.999954
kodak_kodim04,haar,4,0.64426,44.708,0.999789
kodak_kodim04,haar,8,0.80547,39.363,0.999276
kodak_kodim04,haar,16,0.91134,34.841,0.99795
kodak_kodim04,haar,32,0.96543,31.276,0.99534
kodak_kodim04,haar,64,0.9865,28.592,0.991352
kodak_kodim04,db2,0.5,0.15858,67.173,0.999999
kodak_kodim04,db2,1,0.29172,58.656,0.999991
kodak_kodim04,db2,2,0.48547,50.988,0.99995
kodak_kodim04,db2,4,0.68147,44.75,0.999791
kodak_kodim04,db2,8,0.82928,39.633,0.99932
kodak_kodim04,db2,16,0.92298,35.293,0.998152
kodak_kodim04,db2,32,0.96991,31.8,0.995866
kodak_kodim04,db2,64,0.98878,29.091,0.992272
kodak_kodim04,db4,0.5,0.16069,67.036,0.999999
kodak_kodim04,db4,1,0.29775,58.524,0.999991
kodak_kodim04,db4,2,0.4936,50.939,0.99995
kodak_kodim04,db4,4,0.68947,44.737,0.99979
kodak_kodim04,db4,8,0.83562,39.663,0.999325
kodak_kodim04,db4,16,0.92644,35.393,0.998194
kodak_kodim04,db4,32,0.97126,31.976,0.996029
kodak_kodim04,db4,64,0.98914,29.283,0.992615
kodak_kodim04,lap,0.5,0.14174,66.181,0.999994
kodak_kodim04,lap,1,0.26532,57.333,0.999954
kodak_kodim04,lap,2,0.44798,49.064,0.999728
kodak_kodim04,lap,4,0.64913,42.021,0.998767
kodak_kodim04,lap,8,0.82124,35.819,0.995541
kodak_kodim04,lap,16,0.93581,30.443,0.98734
kodak_kodim04,lap,32,0.98292,26.683,0.974684
kodak_kodim04,lap,64,0.99607,23.924,0.960476
kodak_kodim04,wht8,0.5,0.13721,67.645,0.999999
kodak_kodim04,wht8,1,0.2596,59.025,0.999992
kodak_kodim04,wht8,2,0.44311,51.242,0.999953
kodak_kodim04,wht8,4,0.63887,44.78,0.999792
kodak_kodim04,wht8,8,0.79876,39.387,0.99928
kodak_kodim04,wht8,16,0.90432,34.864,0.99796
kodak_kodim04,wht8,32,0.95734,31.354,0.995418
kodak_kodim04,wht8,64,0.97621,28.869,0.991875
kodak_kodim04,wht16,0.5,0.12905,67.87,0.999999
kodak_kodim04,wht16,1,0.24728,59.183,0.999992
kodak_kodim04,wht16,2,0.42694,51.335,0.999954
kodak_kodim04,wht16,4,0.62534,44.742,0.99979
kodak_kodim04,wht16,8,0.79336,39.195,0.999247
kodak_kodim04,wht16,16,0.90737,34.589,0.997826
kodak_kodim04,wht16,32,0.96398,31.06,0.995097
kodak_kodim04,wht16,64,0.98536,28.452,0.991058
kodak_kodim04,wht32,0.5,0.11789,68.278,0.999999
kodak_kodim04,wht32,1,0.22531,59.601,0.999993
kodak_kodim04,wht32,2,0.39474,51.596,0.999957
kodak_kodim04,wht32,4,0.59643,44.709,0.999789
kodak_kodim04,wht32,8,0.77788,38.938,0.999202
kodak_kodim04,wht32,16,0.90231,34.244,0.997646
kodak_kodim04,wht32,32,0.96412,30.698,0.994671
kodak_kodim04,wht32,64,0.98653,28.182,0.990488
kodak_kodim04,wht64,0.5,0.1002,68.984,0.999999
kodak_kodim04,wht64,1,0.19488,60.14,0.999994
kodak_kodim04,wht64,2,0.35207,51.912,0.99996
kodak_kodim04,wht64,4,0.55668,44.699,0.999788
kodak_kodim04,wht64,8,0.75374,38.647,0.999146
kodak_kodim04,wht64,16,0.8934,33.802,0.997393
kodak_kodim04,wht64,32,0.96205,30.26,0.994106
kodak_kodim04,wht64,64,0.98651,27.765,0.989531
kodak_kodim04,dct8,0.5,0.16181,66.922,0.999999
kodak_kodim04,dct8,1,0.3027,58.408,0.999991
kodak_kodim04,dct8,2,0.49853,50.929,0.99995
kodak_kodim04,dct8,4,0.6882,44.847,0.999795
kodak_kodim04,dct8,8,0.82835,39.826,0.999349
kodak_kodim04,dct8,16,0.91574,35.559,0.998261
kodak_kodim04,dct8,32,0.95965,32.095,0.996137
kodak_kodim04,dct8,64,0.97655,29.497,0.992969
kodak_kodim04,dct16,0.5,0.16166,66.94,0.999999
kodak_kodim04,dct16,1,0.30289,58.407,0.999991
kodak_kodim04,dct16,2,0.49963,50.913,0.999949
kodak_kodim04,dct16,4,0.69122,44.815,0.999794
kodak_kodim04,dct16,8,0.83561,39.736,0.999335
kodak_kodim04,dct16,16,0.92509,35.46,0.998221
kodak_kodim04,dct16,32,0.96869,32.064,0.996109
kodak_kodim04,dct16,64,0.98637,29.37,0.992759
kodak_kodim04,dct32,0.5,0.15334,67.144,0.999999
kodak_kodim04,dct32,1,0.28899,58.584,0.999991
kodak_kodim04,dct32,2,0.48271,50.989,0.99995
kodak_kodim04,dct32,4,0.67767,44.747,0.99979
kodak_kodim04,dct32,8,0.8303,39.535,0.999304
kodak_kodim04,dct32,16,0.92534,35.228,0.998122
kodak_kodim04,dct32,32,0.97088,31.869,0.995929
kodak_kodim04,dct32,64,0.98867,29.247,0.992552
kodak_kodim07,cdf97,0.5,0.22753,65.531,0.999999
kodak_kodim07,cdf97,1,0.41214,57.251,0.999992
kodak_kodim07,cdf97,2,0.63265,50.427,0.99996
kodak_kodim07,cdf97,4,0.77097,45.785,0.999886
kodak_kodim07,cdf97,8,0.85637,41.405,0.999694
kodak_kodim07,cdf97,16,0.91739,36.838,0.999146
kodak_kodim07,cdf97,32,0.95836,32.448,0.997705
kodak_kodim07,cdf97,64,0.98208,28.475,0.994368
kodak_kodim07,cdf53,0.5,0.21959,65.757,0.999997
kodak_kodim07,cdf53,1,0.39932,57.418,0.999982
kodak_kodim07,cdf53,2,0.6195,50.526,0.999909
kodak_kodim07,cdf53,4,0.76438,45.712,0.999729
kodak_kodim07,cdf53,8,0.85224,41.133,0.999271
kodak_kodim07,cdf53,16,0.91784,36.393,0.997944
kodak_kodim07,cdf53,32,0.95823,32.1,0.994649
kodak_kodim07,cdf53,64,0.98238,27.96,0.98689
kodak_kodim07,haar,0.5,0.17687,67.815,0.999999
kodak_kodim07,haar,1,0.3568,57.856,0.999992
kodak_kodim07,haar,2,0.55352,50.93,0.999961
kodak_kodim07,haar,4,0.70314,45.761,0.999871
kodak_kodim07,haar,8,0.80596,41.001,0.999614
kodak_kodim07,haar,16,0.88548,36.116,0.99881
kodak_kodim07,haar,32,0.94536,31.369,0.99645
kodak_kodim07,haar,64,0.97551,27.768,0.991865
kodak_kodim07,db2,0.5,0.21862,65.755,0.999999
kodak_kodim07,db2,1,0.39399,57.463,0.999991
kodak_kodim07,db2,2,0.60267,50.639,0.999958
kodak_kodim07,db2,4,0.73804,45.947,0.999876
kodak_kodim07,db2,8,0.8288,41.396,0.999647
kodak_kodim07,db2,16,0.90268,36.427,0.998892
kodak_kodim07,db2,32,0.95131,32.096,0.996996
kodak_kodim07,db2,64,0.97845,28.308,0.992812
kodak_kodim07,db4,0.5,0.22071,65.66,0.999999
kodak_kodim07,db4,1,0.40019,57.362,0.999991
kodak_kodim07,db4,2,0.61297,50.561,0.999957
kodak_kodim07,db4,4,0.74825,45.917,0.999875
kodak_kodim07,db4,8,0.84046,41.356,0.999644
kodak_kodim07,db4,16,0.90751,36.768,0.998976
kodak_kodim07,db4,32,0.95302,32.378,0.997185
kodak_kodim07,db4,64,0.97935,28.489,0.993108
kodak_kodim07,lap,0.5,0.17922,65.041,0.999994
kodak_kodim07,lap,1,0.3133,56.657,0.999961
kodak_kodim07,lap,2,0.47884,49.523,0.999806
kodak_kodim07,lap,4,0.61983,43.487,0.999286
kodak_kodim07,lap,8,0.75493,36.893,0.997255
kodak_kodim07,lap,16,0.88768,30.1,0.989215
kodak_kodim07,lap,32,0.97055,24.502,0.97109
kodak_kodim07,lap,64,0.99537,21.504,0.951488
kodak_kodim07,wht8,0.5,0.18432,66.351,0.999999
kodak_kodim07,wht8,1,0.34245,57.922,0.999992
kodak_kodim07,wht8,2,0.53733,50.938,0.999961
kodak_kodim07,wht8,4,0.68204,45.787,0.999872
kodak_kodim07,wht8,8,0.791,40.799,0.999595
kodak_kodim07,wht8,16,0.87938,35.761,0.998708
kodak_kodim07,wht8,32,0.93872,31.313,0.996403
kodak_kodim07,wht8,64,0.96828,27.83,0.991979
kodak_kodim07,wht16,0.5,0.16643,66.788,0.999999
kodak_kodim07,wht16,1,0.30869,58.358,0.999993
kodak_kodim07,wht16,2,0.49443,51.17,0.999963
kodak_kodim07,wht16,4,0.64591,45.672,0.999868
kodak_kodim07,wht16,8,0.77063,40.324,0.999548
kodak_kodim07,wht16,16,0.87484,35.125,0.998504
kodak_kodim07,wht16,32,0.94383,30.678,0.995836
kodak_kodim07,wht16,64,0.97692,27.28,0.990897
kodak_kodim07,wht32,0.5,0.14553,67.387,0.999999
kodak_kodim07,wht32,1,0.27226,58.876,0.999994
kodak_kodim07,wht32,2,0.44431,51.504,0.999966
kodak_kodim07,wht32,4,0.60002,45.623,0.999867
kodak_kodim07,wht32,8,0.74216,39.894,0.999501
kodak_kodim07,wht32,16,0.86407,34.508,0.998276
kodak_kodim07,wht32,32,0.9422,30.104,0.995248
kodak_kodim07,wht32,64,0.97775,26.861,0.989976
kodak_kodim07,wht64,0.5,0.1256,68.023,0.999999
kodak_kodim07,wht64,1,0.23779,59.405,0.999994
kodak_kodim07,wht64,2,0.39847,51.806,0.999968
kodak_kodim07,wht64,4,0.56159,45.504,0.999863
kodak_kodim07,wht64,8,0.71818,39.551,0.99946
kodak_kodim07,wht64,16,0.85375,34.08,0.998097
kodak_kodim07,wht64,32,0.94053,29.703,0.994788
kodak_kodim07,wht64,64,0.97779,26.583,0.989312
kodak_kodim07,dct8,0.5,0.2226,65.553,0.999999
kodak_kodim07,dct8,1,0.40622,57.27,0.999991
kodak_kodim07,dct8,2,0.61883,50.56,0.999957
kodak_kodim07,dct8,4,0.75162,45.983,0.999877
kodak_kodim07,dct8,8,0.83755,41.575,0.999661
kodak_kodim07,dct8,16,0.90191,36.957,0.999019
kodak_kodim07,dct8,32,0.94512,32.616,0.997335
kodak_kodim07,dct8,64,0.96886,28.905,0.993736
kodak_kodim07,dct16,0.5,0.21436,65.744,0.999999
kodak_kodim07,dct16,1,0.39317,57.398,0.999991
kodak_kodim07,dct16,2,0.60206,50.64,0.999958
kodak_kodim07,dct16,4,0.73973,45.874,0.999874
kodak_kodim07,dct16,8,0.83424,41.258,0.999636
kodak_kodim07,dct16,16,0.90709,36.498,0.99891
kodak_kodim07,dct16,32,0.95349,32.256,0.997104
kodak_kodim07,dct16,64,0.97874,28.586,0.993259
kodak_kodim07,dct32,0.5,0.20006,66.011,0.999999
kodak_kodim07,dct32,1,0.36688,57.688,0.999992
kodak_kodim07,dct32,2,0.56724,50.821,0.99996
kodak_kodim07,dct32,4,0.71027,45.79,0.999872
kodak_kodim07,dct32,8,0.81859,40.819,0.999597
kodak_kodim07,dct32,16,0.90191,35.98,0.998772
kodak_kodim07,dct32,32,0.9539,31.77,0.996761
kodak_kodim07,dct32,64,0.98122,28.206,0.992644
kodak_kodim08,cdf97,0.5,0.07899,70.134,1.0
kodak_kodim08,cdf97,1,0.15063,61.377,0.999998
kodak_kodim08,cdf97,2,0.27588,52.93,0.999984
kodak_kodim08,cdf97,4,0.45033,45.42,0.999913
kodak_kodim08,cdf97,8,0.62514,39.179,0.999635
kodak_kodim08,cdf97,16,0.76562,33.798,0.998753
kodak_kodim08,cdf97,32,0.87355,28.732,0.996061
kodak_kodim08,cdf97,64,0.94515,24.262,0.989101
kodak_kodim08,cdf53,0.5,0.08233,70.13,0.999999
kodak_kodim08,cdf53,1,0.15476,61.364,0.999995
kodak_kodim08,cdf53,2,0.28134,52.911,0.999967
kodak_kodim08,cdf53,4,0.45803,45.391,0.999812
kodak_kodim08,cdf53,8,0.63393,39.152,0.999221
kodak_kodim08,cdf53,16,0.77134,33.775,0.997387
kodak_kodim08,cdf53,32,0.87807,28.537,0.991722
kodak_kodim08,cdf53,64,0.94848,23.928,0.977219
kodak_kodim08,haar,0.5,0.07782,70.96,1.0
kodak_kodim08,haar,1,0.14518,61.846,0.999998
kodak_kodim08,haar,2,0.25684,53.423,0.999985
kodak_kodim08,haar,4,0.42388,45.668,0.99991
kodak_kodim08,haar,8,0.60442,39.15,0.999594
kodak_kodim08,haar,16,0.74896,33.785,0.998604
kodak_kodim08,haar,32,0.85857,28.791,0.995587
kodak_kodim08,haar,64,0.93494,24.235,0.987393
kodak_kodim08,db2,0.5,0.0801,70.216,1.0
kodak_kodim08,db2,1,0.15078,61.443,0.999998
kodak_kodim08,db2,2,0.27205,53.05,0.999983
kodak_kodim08,db2,4,0.4426,45.536,0.999906
kodak_kodim08,db2,8,0.6134,39.33,0.999609
kodak_kodim08,db2,16,0.74983,34.003,0.998665
kodak_kodim08,db2,32,0.86127,28.813,0.995582
kodak_kodim08,db2,64,0.9387,24.254,0.987347
kodak_kodim08,db4,0.5,0.07437,70.356,1.0
kodak_kodim08,db4,1,0.14251,61.592,0.999998
kodak_kodim08,db4,2,0.26251,53.12,0.999984
kodak_kodim08,db4,4,0.43254,45.561,0.999907
kodak_kodim08,db4,8,0.60632,39.278,0.999604
kodak_kodim08,db4,16,0.74949,33.849,0.998613
kodak_kodim08,db4,32,0.86331,28.725,0.995478
kodak_kodim08,db4,64,0.9422,24.158,0.987096
kodak_kodim08,lap,0.5,0.04652,71.083,0.999999
kodak_kodim08,lap,1,0.08862,62.256,0.999992
kodak_kodim08,lap,2,0.16439,53.568,0.999943
kodak_kodim08,lap,4,0.28675,45.199,0.999628
kodak_kodim08,lap,8,0.45201,37.346,0.997968
kodak_kodim08,lap,16,0.64646,29.95,0.990215
kodak_kodim08,lap,32,0.84496,23.008,0.959892
kodak_kodim08,lap,64,0.96891,17.641,0.889152
kodak_kodim08,wht8,0.5,0.05757,71.371,1.0
kodak_kodim08,wht8,1,0.11302,62.461,0.999998
kodak_kodim08,wht8,2,0.21446,53.84,0.999986
kodak_kodim08,wht8,4,0.37336,45.855,0.999913
kodak_kodim08,wht8,8,0.56335,38.976,0.999575
kodak_kodim08,wht8,16,0.73772,33.151,0.99837
kodak_kodim08,wht8,32,0.86219,28.293,0.995012
kodak_kodim08,wht8,64,0.93289,24.313,0.987564
kodak_kodim08,wht16,0.5,0.04812,72.118,1.0
kodak_kodim08,wht16,1,0.09483,63.205,0.999998
kodak_kodim08,wht16,2,0.18189,54.513,0.999988
kodak_kodim08,wht16,4,0.32564,46.29,0.999921
kodak_kodim08,wht16,8,0.51705,38.994,0.999575
kodak_kodim08,wht16,16,0.71272,32.765,0.998213
kodak_kodim08,wht16,32,0.85976,27.687,0.994246
kodak_kodim08,wht16,64,0.9408,23.743,0.98577
kodak_kodim08,wht32,0.5,0.04027,72.935,1.0
kodak_kodim08,wht32,1,0.07991,63.941,0.999999
kodak_kodim08,wht32,2,0.15496,55.157,0.99999
kodak_kodim08,wht32,4,0.28607,46.716,0.999928
kodak_kodim08,wht32,8,0.47849,39.016,0.999577
kodak_kodim08,wht32,16,0.68946,32.488,0.998095
kodak_kodim08,wht32,32,0.85168,27.301,0.993714
kodak_kodim08,wht32,64,0.94071,23.36,0.984473
kodak_kodim08,wht64,0.5,0.03315,73.731,1.0
kodak_kodim08,wht64,1,0.06588,64.76,0.999999
kodak_kodim08,wht64,2,0.12987,55.859,0.999991
kodak_kodim08,wht64,4,0.24772,47.19,0.999936
kodak_kodim08,wht64,8,0.43656,39.132,0.999588
kodak_kodim08,wht64,16,0.66016,32.291,0.998006
kodak_kodim08,wht64,32,0.83913,26.95,0.993184
kodak_kodim08,wht64,64,0.93749,22.96,0.982977
kodak_kodim08,dct8,0.5,0.07098,70.464,1.0
kodak_kodim08,dct8,1,0.13837,61.636,0.999998
kodak_kodim08,dct8,2,0.25724,53.151,0.999984
kodak_kodim08,dct8,4,0.42898,45.513,0.999906
kodak_kodim08,dct8,8,0.61381,39.045,0.999581
kodak_kodim08,dct8,16,0.76729,33.595,0.998527
kodak_kodim08,dct8,32,0.87455,28.886,0.995642
kodak_kodim08,dct8,64,0.93672,24.865,0.989015
kodak_kodim08,dct16,0.5,0.06199,71.04,1.0
kodak_kodim08,dct16,1,0.12275,62.101,0.999998
kodak_kodim08,dct16,2,0.23194,53.533,0.999985
kodak_kodim08,dct16,4,0.39916,45.656,0.999909
kodak_kodim08,dct16,8,0.59307,38.894,0.999565
kodak_kodim08,dct16,16,0.76264,33.249,0.998399
kodak_kodim08,dct16,32,0.8802,28.512,0.995243
kodak_kodim08,dct16,64,0.94624,24.6,0.988313
kodak_kodim08,dct32,0.5,0.0557,71.495,1.0
kodak_kodim08,dct32,1,0.10937,62.641,0.999998
kodak_kodim08,dct32,2,0.20982,53.899,0.999986
kodak_kodim08,dct32,4,0.37024,45.844,0.999912
kodak_kodim08,dct32,8,0.56946,38.824,0.999557
kodak_kodim08,dct32,16,0.75459,32.935,0.998279
kodak_kodim08,dct32,32,0.87983,28.238,0.99493
kodak_kodim08,dct32,64,0.9484,24.391,0.987727
kodak_kodim19,cdf97,0.5,0.1207,68.156,0.999999
kodak_kodim19,cdf97,1,0.23373,59.369,0.999995
kodak_kodim19,cdf97,2,0.41466,51.3,0.999971
kodak_kodim19,cdf97,4,0.61088,44.807,0.999871
kodak_kodim19,cdf97,8,0.76325,39.42,0.99956
kodak_kodim19,cdf97,16,0.88278,34.364,0.998608
kodak_kodim19,cdf97,32,0.94906,30.445,0.996584
kodak_kodim19,cdf97,64,0.97944,27.183,0.992824
kodak_kodim19,cdf53,0.5,0.11814,68.236,0.999999
kodak_kodim19,cdf53,1,0.22822,59.492,0.99999
kodak_kodim19,cdf53,2,0.40827,51.351,0.999933
kodak_kodim19,cdf53,4,0.60795,44.783,0.999696
kodak_kodim19,cdf53,8,0.76387,39.356,0.99896
kodak_kodim19,cdf53,16,0.8819,34.316,0.996781
kodak_kodim19,cdf53,32,0.94828,30.348,0.992041
kodak_kodim19,cdf53,64,0.98041,26.848,0.982852
kodak_kodim19,haar,0.5,0.1009,69.251,0.999999
kodak_kodim19,haar,1,0.20677,59.868,0.999996
kodak_kodim19,haar,2,0.36985,51.776,0.999971
kodak_kodim19,haar,4,0.56928,44.859,0.999858
kodak_kodim19,haar,8,0.73668,39.226,0.999481
kodak_kodim19,haar,16,0.86972,34.097,0.998308
kodak_kodim19,haar,32,0.94129,30.256,0.995902
kodak_kodim19,haar,64,0.97447,27.002,0.991327
kodak_kodim19,db2,0.5,0.11597,68.317,0.999999
kodak_kodim19,db2,1,0.22484,59.528,0.999995
kodak_kodim19,db2,2,0.40104,51.426,0.999969
kodak_kodim19,db2,4,0.59658,44.85,0.999858
kodak_kodim19,db2,8,0.75116,39.455,0.999507
kodak_kodim19,db2,16,0.87418,34.387,0.998417
kodak_kodim19,db2,32,0.94319,30.435,0.996066
kodak_kodim19,db2,64,0.97644,27.108,0.991527
kodak_kodim19,db4,0.5,0.11874,68.225,0.999999
kodak_kodim19,db4,1,0.22914,59.471,0.999995
kodak_kodim19,db4,2,0.40641,51.401,0.999969
kodak_kodim19,db4,4,0.59887,44.907,0.99986
kodak_kodim19,db4,8,0.75196,39.489,0.999511
kodak_kodim19,db4,16,0.87438,34.409,0.998425
kodak_kodim19,db4,32,0.94477,30.391,0.996028
kodak_kodim19,db4,64,0.97731,27.144,0.991606
kodak_kodim19,lap,0.5,0.10907,67.282,0.999997
kodak_kodim19,lap,1,0.20976,58.307,0.999975
kodak_kodim19,lap,2,0.37291,49.646,0.999836
kodak_kodim19,lap,4,0.55438,42.418,0.999249
kodak_kodim19,lap,8,0.70768,36.406,0.997246
kodak_kodim19,lap,16,0.84921,30.469,0.990028
kodak_kodim19,lap,32,0.94378,25.451,0.971239
kodak_kodim19,lap,64,0.99133,21.313,0.935233
kodak_kodim19,wht8,0.5,0.10583,68.711,0.999999
kodak_kodim19,wht8,1,0.20484,59.957,0.999996
kodak_kodim19,wht8,2,0.36867,51.749,0.999971
kodak_kodim19,wht8,4,0.56099,44.934,0.99986
kodak_kodim19,wht8,8,0.72821,39.222,0.99948
kodak_kodim19,wht8,16,0.86445,33.996,0.998268
kodak_kodim19,wht8,32,0.94041,30.08,0.995731
kodak_kodim19,wht8,64,0.96808,27.407,0.992096
kodak_kodim19,wht16,0.5,0.10201,68.884,0.999999
kodak_kodim19,wht16,1,0.19856,60.059,0.999996
kodak_kodim19,wht16,2,0.35675,51.887,0.999972
kodak_kodim19,wht16,4,0.54624,45.013,0.999863
kodak_kodim19,wht16,8,0.71814,39.141,0.99947
kodak_kodim19,wht16,16,0.86301,33.785,0.998181
kodak_kodim19,wht16,32,0.94747,29.706,0.995346
kodak_kodim19,wht16,64,0.97926,26.924,0.991166
kodak_kodim19,wht32,0.5,0.09663,69.1,0.999999
kodak_kodim19,wht32,1,0.18689,60.344,0.999996
kodak_kodim19,wht32,2,0.33752,52.104,0.999973
kodak_kodim19,wht32,4,0.52105,45.135,0.999867
kodak_kodim19,wht32,8,0.69822,39.047,0.999459
kodak_kodim19,wht32,16,0.85364,33.522,0.998068
kodak_kodim19,wht32,32,0.94563,29.369,0.994971
kodak_kodim19,wht32,64,0.98073,26.554,0.990384
kodak_kodim19,wht64,0.5,0.08843,69.489,1.0
kodak_kodim19,wht64,1,0.17288,60.651,0.999996
kodak_kodim19,wht64,2,0.31343,52.408,0.999975
kodak_kodim19,wht64,4,0.49236,45.261,0.999871
kodak_kodim19,wht64,8,0.67432,38.964,0.999448
kodak_kodim19,wht64,16,0.84188,33.247,0.997942
kodak_kodim19,wht64,32,0.94183,29.026,0.99456
kodak_kodim19,wht64,64,0.9796,26.22,0.989616
kodak_kodim19,dct8,0.5,0.12051,68.137,0.999999
kodak_kodim19,dct8,1,0.23316,59.383,0.999995
kodak_kodim19,dct8,2,0.41101,51.377,0.999968
kodak_kodim19,dct8,4,0.60243,44.906,0.99986
kodak_kodim19,dct8,8,0.75754,39.463,0.999508
kodak_kodim19,dct8,16,0.87768,34.459,0.998443
kodak_kodim19,dct8,32,0.94384,30.603,0.996215
kodak_kodim19,dct8,64,0.96906,27.876,0.992906
kodak_kodim19,dct16,0.5,0.12179,68.092,0.999999
kodak_kodim19,dct16,1,0.23386,59.394,0.999995
kodak_kodim19,dct16,2,0.41107,51.396,0.999968
kodak_kodim19,dct16,4,0.60411,44.867,0.999858
kodak_kodim19,dct16,8,0.76382,39.36,0.999496
kodak_kodim19,dct16,16,0.88566,34.395,0.99842
kodak_kodim19,dct16,32,0.95393,30.499,0.996124
kodak_kodim19,dct16,64,0.98075,27.679,0.992577
kodak_kodim19,dct32,0.5,0.11689,68.277,0.999999
kodak_kodim19,dct32,1,0.22572,59.531,0.999995
kodak_kodim19,dct32,2,0.39836,51.517,0.999969
kodak_kodim19,dct32,4,0.58981,44.906,0.99986
kodak_kodim19,dct32,8,0.75432,39.267,0.999485
kodak_kodim19,dct32,16,0.88322,34.199,0.998346
kodak_kodim19,dct32,32,0.95544,30.265,0.995909
kodak_kodim19,dct32,64,0.98345,27.466,0.992207
synthetic_panel,cdf97,0.5,0.95572,77.773,1.0
synthetic_panel,cdf97,1,0.964,71.326,0.999999
synthetic_panel,cdf97,2,0.96792,67.245,0.999997
synthetic_panel,cdf97,4,0.97212,61.45,0.999988
synthetic_panel,cdf97,8,0.97634,55.573,0.999952
synthetic_panel,cdf97,16,0.98084,49.645,0.999806
synthetic_panel,cdf97,32,0.98536,43.804,0.999225
synthetic_panel,cdf97,64,0.98941,37.762,0.997095
synthetic_panel,cdf53,0.5,0.95574,80.486,1.0
synthetic_panel,cdf53,1,0.96315,71.969,0.999998
synthetic_panel,cdf53,2,0.96611,68.076,0.999995
synthetic_panel,cdf53,4,0.96956,62.238,0.999981
synthetic_panel,cdf53,8,0.97347,55.863,0.999917
synthetic_panel,cdf53,16,0.97821,49.01,0.999607
synthetic_panel,cdf53,32,0.98359,42.622,0.998245
synthetic_panel,cdf53,64,0.98837,36.445,0.99343
synthetic_panel,haar,0.5,0.95819,86.213,1.0
synthetic_panel,haar,1,0.96021,76.74,1.0
synthetic_panel,haar,2,0.96345,70.022,0.999998
synthetic_panel,haar,4,0.96604,63.73,0.999993
synthetic_panel,haar,8,0.96904,57.039,0.999966
synthetic_panel,haar,16,0.97336,49.597,0.999807
synthetic_panel,haar,32,0.97914,42.263,0.998955
synthetic_panel,haar,64,0.98619,35.255,0.994888
synthetic_panel,db2,0.5,0.95492,79.668,1.0
synthetic_panel,db2,1,0.96093,72.766,0.999999
synthetic_panel,db2,2,0.9639,68.441,0.999997
synthetic_panel,db2,4,0.96703,62.596,0.99999
synthetic_panel,db2,8,0.97094,56.001,0.999955
synthetic_panel,db2,16,0.97566,49.338,0.999782
synthetic_panel,db2,32,0.98108,42.938,0.999
synthetic_panel,db2,64,0.98656,36.889,0.995855
synthetic_panel,db4,0.5,0.9552,77.16,1.0
synthetic_panel,db4,1,0.96175,71.575,0.999999
synthetic_panel,db4,2,0.96569,67.2,0.999997
synthetic_panel,db4,4,0.96938,61.907,0.999989
synthetic_panel,db4,8,0.97366,55.574,0.99995
synthetic_panel,db4,16,0.97871,48.934,0.999759
synthetic_panel,db4,32,0.9835,43.051,0.99909
synthetic_panel,db4,64,0.98862,36.735,0.995939
synthetic_panel,lap,0.5,0.92787,73.068,0.999998
synthetic_panel,lap,1,0.93056,70.204,0.999996
synthetic_panel,lap,2,0.93474,64.11,0.999984
synthetic_panel,lap,4,0.93893,57.346,0.999936
synthetic_panel,lap,8,0.94562,49.674,0.999645
synthetic_panel,lap,16,0.95338,43.026,0.998344
synthetic_panel,lap,32,0.96261,36.237,0.991698
synthetic_panel,lap,64,0.97716,28.484,0.953317
synthetic_panel,wht8,0.5,0.94811,82.984,1.0
synthetic_panel,wht8,1,0.95103,75.109,0.999999
synthetic_panel,wht8,2,0.95465,68.758,0.999998
synthetic_panel,wht8,4,0.95842,62.106,0.999989
synthetic_panel,wht8,8,0.96247,55.846,0.999953
synthetic_panel,wht8,16,0.96715,49.49,0.999783
synthetic_panel,wht8,32,0.97223,43.227,0.999045
synthetic_panel,wht8,64,0.977,37.207,0.996378
synthetic_panel,wht16,0.5,0.95773,81.38,1.0
synthetic_panel,wht16,1,0.96105,74.551,0.999999
synthetic_panel,wht16,2,0.9653,67.807,0.999997
synthetic_panel,wht16,4,0.9699,61.349,0.999987
synthetic_panel,wht16,8,0.97476,55.037,0.999943
synthetic_panel,wht16,16,0.98012,48.796,0.999749
synthetic_panel,wht16,32,0.98507,43.183,0.999047
synthetic_panel,wht16,64,0.98977,37.166,0.99623
synthetic_panel,wht32,0.5,0.95526,80.485,1.0
synthetic_panel,wht32,1,0.95907,73.815,0.999999
synthetic_panel,wht32,2,0.96355,67.26,0.999997
synthetic_panel,wht32,4,0.96893,60.581,0.999984
synthetic_panel,wht32,8,0.97524,53.973,0.999927
synthetic_panel,wht32,16,0.98166,47.968,0.999698
synthetic_panel,wht32,32,0.9883,41.64,0.998679
synthetic_panel,wht32,64,0.99295,36.887,0.996005
synthetic_panel,wht64,0.5,0.94693,80.096,1.0
synthetic_panel,wht64,1,0.95128,73.302,0.999999
synthetic_panel,wht64,2,0.95647,66.564,0.999996
synthetic_panel,wht64,4,0.96339,59.551,0.99998
synthetic_panel,wht64,8,0.97047,53.463,0.999916
synthetic_panel,wht64,16,0.97817,47.106,0.999631
synthetic_panel,wht64,32,0.98617,40.852,0.998408
synthetic_panel,wht64,64,0.99196,35.911,0.995079
synthetic_panel,dct8,0.5,0.95315,78.87,1.0
synthetic_panel,dct8,1,0.95803,72.856,0.999999
synthetic_panel,dct8,2,0.96206,67.556,0.999997
synthetic_panel,dct8,4,0.966,61.581,0.999988
synthetic_panel,dct8,8,0.96952,56.086,0.999957
synthetic_panel,dct8,16,0.97288,50.45,0.999838
synthetic_panel,dct8,32,0.97588,44.894,0.999411
synthetic_panel,dct8,64,0.97855,39.523,0.997944
synthetic_panel,dct16,0.5,0.96317,77.956,1.0
synthetic_panel,dct16,1,0.96864,72.345,0.999999
synthetic_panel,dct16,2,0.97313,66.988,0.999997
synthetic_panel,dct16,4,0.97733,61.454,0.999987
synthetic_panel,dct16,8,0.98135,55.76,0.999951
synthetic_panel,dct16,16,0.98532,49.934,0.999811
synthetic_panel,dct16,32,0.98875,44.455,0.999333
synthetic_panel,dct16,64,0.99131,39.455,0.997907
synthetic_panel,dct32,0.5,0.95931,76.784,1.0
synthetic_panel,dct32,1,0.96629,71.288,0.999999
synthetic_panel,dct32,2,0.97215,65.992,0.999995
synthetic_panel,dct32,4,0.97803,60.275,0.999982
synthetic_panel,dct32,8,0.98365,54.548,0.999933
synthetic_panel,dct32,16,0.98865,48.982,0.999759
synthetic_panel,dct32,32,0.99239,43.959,0.99924
synthetic_panel,dct32,64,0.99504,39.263,0.997781
