t,cur_freq_hz,busy_pct,thermal_pwrlevel,hottest_c
1790192684.0,788000000,54,0,73
1790192686.0,788000000,54,0,74
1790192688.0,788000000,53,0,75
1790192690.0,750000000,54,1,75
1790192692.0,788000000,53,0,75.7
1790192694.0,788000000,56,0,77.7
1790192696.0,788000000,54,0,77.4
1790192698.0,788000000,53,0,78.1
1790192701.0,788000000,56,0,79.1
1790192703.0,788000000,57,0,79.1
1790192705.0,788000000,56,0,79.8
1790192707.0,788000000,58,0,80.1
1790192709.0,788000000,58,0,80.8
1790192711.0,788000000,58,0,81.1
1790192713.0,788000000,58,0,80.8
1790192715.0,788000000,57,0,81.5
1790192717.0,788000000,55,0,82.8
1790192720.0,788000000,54,0,83.5
1790192722.0,788000000,54,0,83.5
1790192724.0,788000000,54,0,83.5
1790192726.0,788000000,54,0,83.2
1790192728.0,788000000,54,0,81.1
1790192730.0,788000000,55,0,80.8
1790192732.0,788000000,53,0,80.8
1790192734.0,788000000,54,0,80.8
1790192736.0,788000000,54,0,80.8
1790192738.0,788000000,54,0,81.5
1790192741.0,788000000,54,0,80.8
1790192743.0,788000000,54,0,81.8
1790192745.0,788000000,54,0,81.1
1790192747.0,788000000,54,0,81.1
1790192749.0,788000000,54,0,80.8
1790192751.0,788000000,55,0,80.8
1790192753.0,788000000,55,0,81.5
1790192755.0,788000000,54,0,80.4
1790192757.0,788000000,55,0,80.8
1790192759.0,788000000,55,0,81.1
1790192762.0,788000000,53,0,81.5
1790192764.0,788000000,54,0,81.1
1790192766.0,788000000,55,0,81.1
1790192768.0,788000000,54,0,81.8
1790192770.0,788000000,53,0,81.5
1790192772.0,788000000,54,0,81.1
1790192774.0,788000000,55,0,81.5
1790192776.0,788000000,55,0,81.5
1790192778.0,788000000,54,0,81.1
1790192780.0,788000000,54,0,81.1
1790192783.0,788000000,54,0,83.2
1790192785.0,788000000,55,0,82.5
1790192787.0,788000000,55,0,81.1
1790192789.0,788000000,54,0,81.5
1790192791.0,788000000,54,0,82.5
1790192793.0,788000000,55,0,81.5
1790192795.0,788000000,55,0,81.8
1790192797.0,788000000,55,0,81.5
1790192799.0,788000000,55,0,82.1
1790192801.0,788000000,55,0,82.5
1790192804.0,788000000,55,0,81.8
1790192806.0,788000000,53,0,82.5
1790192808.0,788000000,54,0,81.8
1790192810.0,788000000,55,0,82.5
1790192812.0,788000000,55,0,81.8
1790192814.0,788000000,54,0,81.8
1790192816.0,788000000,54,0,82.1
1790192818.0,788000000,54,0,82.1
1790192820.0,788000000,54,0,83.2
1790192822.0,788000000,54,0,82.1
1790192825.0,788000000,55,0,82.8
1790192827.0,788000000,54,0,82.1
1790192829.0,788000000,54,0,81.8
1790192831.0,788000000,55,0,82.5
1790192833.0,788000000,54,0,82.5
1790192835.0,788000000,54,0,82.5
1790192837.0,788000000,54,0,83.2
1790192839.0,788000000,54,0,82.1
1790192841.0,788000000,54,0,82.8
1790192843.0,788000000,54,0,82.8
1790192846.0,788000000,54,0,82.8
1790192848.0,788000000,54,0,83.8
1790192850.0,788000000,54,0,82.5
1790192852.0,788000000,54,0,83.8
1790192854.0,788000000,54,0,83.2
1790192856.0,788000000,54,0,83.2
1790192858.0,788000000,54,0,82.5
1790192860.0,788000000,54,0,82.8
1790192862.0,788000000,54,0,82.8
1790192864.0,750000000,54,1,83.5
1790192867.0,788000000,54,0,82.8
1790192869.0,750000000,53,1,82.8
1790192871.0,788000000,54,0,83.2
1790192873.0,788000000,54,0,83.2
1790192875.0,788000000,56,0,82.5
1790192877.0,788000000,54,0,83.2
1790192879.0,750000000,54,1,83.2
1790192881.0,788000000,56,0,82.5
1790192883.0,788000000,54,0,82.8
1790192885.0,750000000,55,1,82.8
1790192888.0,750000000,56,1,82.5
1790192890.0,750000000,56,1,83.2
1790192892.0,750000000,56,1,82.5
1790192894.0,750000000,56,1,82.5
1790192896.0,750000000,56,1,82.5
1790192898.0,750000000,55,1,82.1
1790192900.0,750000000,55,1,82.1
1790192902.0,750000000,54,1,82.5
1790192904.0,750000000,56,1,82.5
1790192906.0,750000000,56,1,82.1
1790192909.0,750000000,56,1,82.1
1790192911.0,750000000,55,1,82.5
1790192913.0,750000000,56,1,82.8
1790192915.0,750000000,56,1,82.1
1790192917.0,750000000,56,1,82.1
1790192919.0,750000000,56,1,82.1
1790192921.0,750000000,55,1,83.2
1790192923.0,750000000,55,1,82.1
1790192925.0,750000000,56,1,83.8
1790192927.0,750000000,56,1,82.8
1790192930.0,750000000,55,1,82.1
1790192932.0,750000000,56,1,81.8
1790192934.0,750000000,56,1,82.5
1790192936.0,750000000,56,1,83.2
1790192938.0,750000000,55,1,82.8
1790192940.0,730000000,58,2,82.1
1790192942.0,750000000,56,1,82.8
1790192944.0,750000000,56,1,82.1
1790192946.0,750000000,56,1,82.8
1790192948.0,730000000,60,2,82.1
1790192951.0,730000000,60,2,82.5
1790192953.0,730000000,60,2,82.1
1790192955.0,730000000,59,2,82.1
1790192957.0,730000000,61,2,82.1
1790192959.0,750000000,61,1,82.8
1790192961.0,730000000,59,2,82.1
1790192963.0,730000000,61,2,82.5
1790192965.0,730000000,62,2,81.8
1790192967.0,730000000,58,2,83.2
1790192970.0,730000000,60,2,82.1
1790192972.0,730000000,61,2,82.1
1790192974.0,730000000,61,2,82.8
1790192976.0,730000000,61,2,82.5
1790192978.0,730000000,60,2,82.5
1790192980.0,690000000,61,3,82.1
1790192982.0,730000000,61,2,82.1
1790192984.0,730000000,61,2,81.8
1790192986.0,730000000,60,2,82.1
1790192988.0,730000000,60,2,82.5
1790192991.0,730000000,60,2,82.5
1790192993.0,730000000,60,2,83.2
1790192995.0,730000000,60,2,83.5
