class,clip,frame,codec,target_mbps,achieved_mbps,bytes_per_frame_mean,psnr_y,psnr_hvs,ssim,vmaf
X_other,X_other-01-20260923-190105,0,h264_nvenc_cavlc,180,180.0,250000.05555555556,53.98,49.841337,0.994948,96.522237
X_other,X_other-01-20260923-190105,10,h264_nvenc_cavlc,180,180.0,250000.05555555556,59.49,54.590101,0.997736,97.152144
X_other,X_other-01-20260923-190105,20,h264_nvenc_cavlc,180,180.0,250000.05555555556,61.48,55.769619,0.998096,97.268002
X_other,X_other-01-20260923-190105,30,h264_nvenc_cavlc,180,180.0,250000.05555555556,61.44,55.840695,0.9981,97.284921
X_other,X_other-01-20260923-190105,40,h264_nvenc_cavlc,180,180.0,250000.05555555556,58.88,54.35055,0.997696,97.103283
X_other,X_other-01-20260923-190105,50,h264_nvenc_cavlc,180,180.0,250000.05555555556,61.19,55.668581,0.998052,97.249016
X_other,X_other-01-20260923-190105,60,h264_nvenc_cavlc,180,180.0,250000.05555555556,61.88,55.974429,0.998133,97.293993
X_other,X_other-01-20260923-190105,70,h264_nvenc_cavlc,180,180.0,250000.05555555556,60.99,55.589477,0.998023,97.246119
X_other,X_other-01-20260923-190105,80,h264_nvenc_cavlc,180,180.0,250000.05555555556,60.51,55.455774,0.997977,97.232124
X_other,X_other-01-20260923-190105,0,h264_nvenc_cavlc,300,300.0,416666.73333333334,56.63,52.348553,0.996839,96.908018
X_other,X_other-01-20260923-190105,10,h264_nvenc_cavlc,300,300.0,416666.73333333334,61.65,55.87491,0.998104,97.279525
X_other,X_other-01-20260923-190105,20,h264_nvenc_cavlc,300,300.0,416666.73333333334,62.07,56.064256,0.998175,97.333915
X_other,X_other-01-20260923-190105,30,h264_nvenc_cavlc,300,300.0,416666.73333333334,62.0,56.027282,0.998155,97.32205
X_other,X_other-01-20260923-190105,40,h264_nvenc_cavlc,300,300.0,416666.73333333334,60.16,55.146305,0.997898,97.173814
X_other,X_other-01-20260923-190105,50,h264_nvenc_cavlc,300,300.0,416666.73333333334,62.1,56.069737,0.998173,97.310644
X_other,X_other-01-20260923-190105,60,h264_nvenc_cavlc,300,300.0,416666.73333333334,62.12,56.08966,0.998171,97.308206
X_other,X_other-01-20260923-190105,70,h264_nvenc_cavlc,300,300.0,416666.73333333334,61.93,56.010586,0.998142,97.294842
X_other,X_other-01-20260923-190105,80,h264_nvenc_cavlc,300,300.0,416666.73333333334,61.81,55.952352,0.998129,97.281502
X_other,X_other-01-20260923-190105,0,h264_nvenc_cavlc,432,432.0,600000.0555555555,59.24,55.050068,0.99734,97.024054
X_other,X_other-01-20260923-190105,10,h264_nvenc_cavlc,432,432.0,600000.0555555555,62.0,56.023321,0.998159,97.304752
X_other,X_other-01-20260923-190105,20,h264_nvenc_cavlc,432,432.0,600000.0555555555,62.08,56.09648,0.998182,97.326774
X_other,X_other-01-20260923-190105,30,h264_nvenc_cavlc,432,432.0,600000.0555555555,62.01,56.037444,0.998156,97.325509
X_other,X_other-01-20260923-190105,40,h264_nvenc_cavlc,432,432.0,600000.0555555555,61.63,55.811137,0.998092,97.288732
X_other,X_other-01-20260923-190105,50,h264_nvenc_cavlc,432,432.0,600000.0555555555,62.11,56.089192,0.998175,97.299595
X_other,X_other-01-20260923-190105,60,h264_nvenc_cavlc,432,432.0,600000.0555555555,62.12,56.095503,0.998173,97.299787
X_other,X_other-01-20260923-190105,70,h264_nvenc_cavlc,432,432.0,600000.0555555555,62.02,56.032937,0.998155,97.308908
X_other,X_other-01-20260923-190105,80,h264_nvenc_cavlc,432,432.0,600000.0555555555,62.01,56.016721,0.998159,97.295222
X_other,X_other-01-20260923-190105,0,h264_nvenc_cavlc,600,600.0,833333.4,63.39,56.886059,0.998347,97.321631
X_other,X_other-01-20260923-190105,10,h264_nvenc_cavlc,600,600.0,833333.4,62.03,56.055458,0.998167,97.308692
X_other,X_other-01-20260923-190105,20,h264_nvenc_cavlc,600,600.0,833333.4,62.09,56.09209,0.998183,97.325429
X_other,X_other-01-20260923-190105,30,h264_nvenc_cavlc,600,600.0,833333.4,62.01,56.033634,0.998156,97.32606
X_other,X_other-01-20260923-190105,40,h264_nvenc_cavlc,600,600.0,833333.4,61.73,55.851586,0.998103,97.289969
X_other,X_other-01-20260923-190105,50,h264_nvenc_cavlc,600,600.0,833333.4,62.11,56.090063,0.998176,97.297591
X_other,X_other-01-20260923-190105,60,h264_nvenc_cavlc,600,600.0,833333.4,62.12,56.097089,0.998173,97.298988
X_other,X_other-01-20260923-190105,70,h264_nvenc_cavlc,600,600.0,833333.4,62.02,56.029663,0.998156,97.309492
X_other,X_other-01-20260923-190105,80,h264_nvenc_cavlc,600,600.0,833333.4,62.01,56.021256,0.99816,97.295227
X_other,X_other-02-20260923-190145,0,h264_nvenc_cavlc,180,180.0,250000.11111111112,53.98,49.841201,0.994913,96.475941
X_other,X_other-02-20260923-190145,10,h264_nvenc_cavlc,180,180.0,250000.11111111112,60.03,55.045507,0.997855,97.181239
X_other,X_other-02-20260923-190145,20,h264_nvenc_cavlc,180,180.0,250000.11111111112,60.69,55.495113,0.997986,97.239334
X_other,X_other-02-20260923-190145,30,h264_nvenc_cavlc,180,180.0,250000.11111111112,60.77,55.515828,0.998013,97.252924
X_other,X_other-02-20260923-190145,40,h264_nvenc_cavlc,180,180.0,250000.11111111112,61.58,55.855653,0.9981,97.295992
X_other,X_other-02-20260923-190145,0,h264_nvenc_cavlc,300,300.0,416666.8,56.68,52.355499,0.99686,96.921673
X_other,X_other-02-20260923-190145,10,h264_nvenc_cavlc,300,300.0,416666.8,62.03,56.04191,0.998166,97.311985
X_other,X_other-02-20260923-190145,20,h264_nvenc_cavlc,300,300.0,416666.8,61.97,56.059152,0.998158,97.330331
X_other,X_other-02-20260923-190145,30,h264_nvenc_cavlc,300,300.0,416666.8,61.72,55.895129,0.998122,97.30251
X_other,X_other-02-20260923-190145,40,h264_nvenc_cavlc,300,300.0,416666.8,62.15,56.093329,0.998175,97.323053
X_other,X_other-02-20260923-190145,0,h264_nvenc_cavlc,432,432.0,600000.1111111111,59.28,54.958631,0.997331,97.012915
X_other,X_other-02-20260923-190145,10,h264_nvenc_cavlc,432,432.0,600000.1111111111,62.21,56.231512,0.998205,97.327424
X_other,X_other-02-20260923-190145,20,h264_nvenc_cavlc,432,432.0,600000.1111111111,62.03,56.100199,0.998173,97.330148
X_other,X_other-02-20260923-190145,30,h264_nvenc_cavlc,432,432.0,600000.1111111111,61.88,55.924365,0.998134,97.30816
X_other,X_other-02-20260923-190145,40,h264_nvenc_cavlc,432,432.0,600000.1111111111,62.16,56.101294,0.998172,97.316535
X_other,X_other-02-20260923-190145,0,h264_nvenc_cavlc,600,600.0,833333.4666666667,63.4,56.908998,0.998344,97.331808
X_other,X_other-02-20260923-190145,10,h264_nvenc_cavlc,600,600.0,833333.4666666667,62.27,56.282405,0.998223,97.327838
X_other,X_other-02-20260923-190145,20,h264_nvenc_cavlc,600,600.0,833333.4666666667,62.05,56.103987,0.998179,97.329344
X_other,X_other-02-20260923-190145,30,h264_nvenc_cavlc,600,600.0,833333.4666666667,61.89,55.934591,0.998136,97.307765
X_other,X_other-02-20260923-190145,40,h264_nvenc_cavlc,600,600.0,833333.4666666667,62.16,56.110652,0.998174,97.31312
X_other,X_other-03-20260923-194534,0,h264_nvenc_cavlc,180,180.0,250000.05555555556,40.86,42.579285,0.978137,92.690588
X_other,X_other-03-20260923-194534,10,h264_nvenc_cavlc,180,180.0,250000.05555555556,49.09,49.930559,0.992016,96.998919
X_other,X_other-03-20260923-194534,20,h264_nvenc_cavlc,180,180.0,250000.05555555556,51.11,51.530813,0.993909,97.133306
X_other,X_other-03-20260923-194534,30,h264_nvenc_cavlc,180,180.0,250000.05555555556,51.76,51.888848,0.994232,97.164519
X_other,X_other-03-20260923-194534,40,h264_nvenc_cavlc,180,180.0,250000.05555555556,51.84,51.984351,0.994308,97.127943
X_other,X_other-03-20260923-194534,50,h264_nvenc_cavlc,180,180.0,250000.05555555556,51.84,51.96919,0.994309,97.130139
X_other,X_other-03-20260923-194534,60,h264_nvenc_cavlc,180,180.0,250000.05555555556,52.07,52.185094,0.994445,97.144633
X_other,X_other-03-20260923-194534,70,h264_nvenc_cavlc,180,180.0,250000.05555555556,51.87,52.041587,0.994321,97.110839
X_other,X_other-03-20260923-194534,80,h264_nvenc_cavlc,180,180.0,250000.05555555556,52.14,52.141553,0.9944,97.160106
X_other,X_other-03-20260923-194534,0,h264_nvenc_cavlc,300,300.0,416666.73333333334,45.53,46.781378,0.986839,95.403294
X_other,X_other-03-20260923-194534,10,h264_nvenc_cavlc,300,300.0,416666.73333333334,52.63,52.202485,0.994553,97.14765
X_other,X_other-03-20260923-194534,20,h264_nvenc_cavlc,300,300.0,416666.73333333334,52.67,52.36514,0.99465,97.163937
X_other,X_other-03-20260923-194534,30,h264_nvenc_cavlc,300,300.0,416666.73333333334,52.93,52.507284,0.994734,97.193449
X_other,X_other-03-20260923-194534,40,h264_nvenc_cavlc,300,300.0,416666.73333333334,52.72,52.468981,0.994705,97.170735
X_other,X_other-03-20260923-194534,50,h264_nvenc_cavlc,300,300.0,416666.73333333334,53.03,52.555098,0.994757,97.174737
X_other,X_other-03-20260923-194534,60,h264_nvenc_cavlc,300,300.0,416666.73333333334,53.21,52.659079,0.994846,97.18461
X_other,X_other-03-20260923-194534,70,h264_nvenc_cavlc,300,300.0,416666.73333333334,52.82,52.473295,0.99473,97.147665
X_other,X_other-03-20260923-194534,80,h264_nvenc_cavlc,300,300.0,416666.73333333334,53.07,52.582421,0.994795,97.19834
X_other,X_other-03-20260923-194534,0,h264_nvenc_cavlc,432,432.0,600000.0555555555,48.59,49.220623,0.990782,96.349141
X_other,X_other-03-20260923-194534,10,h264_nvenc_cavlc,432,432.0,600000.0555555555,53.84,52.891595,0.995088,97.196261
X_other,X_other-03-20260923-194534,20,h264_nvenc_cavlc,432,432.0,600000.0555555555,53.68,52.866295,0.995042,97.189018
X_other,X_other-03-20260923-194534,30,h264_nvenc_cavlc,432,432.0,600000.0555555555,53.72,52.900941,0.995076,97.211362
X_other,X_other-03-20260923-194534,40,h264_nvenc_cavlc,432,432.0,600000.0555555555,53.67,52.850653,0.995052,97.193013
X_other,X_other-03-20260923-194534,50,h264_nvenc_cavlc,432,432.0,600000.0555555555,53.89,52.913522,0.995092,97.192792
X_other,X_other-03-20260923-194534,60,h264_nvenc_cavlc,432,432.0,600000.0555555555,54.04,53.010589,0.995189,97.194396
X_other,X_other-03-20260923-194534,70,h264_nvenc_cavlc,432,432.0,600000.0555555555,53.55,52.789577,0.99503,97.18204
X_other,X_other-03-20260923-194534,80,h264_nvenc_cavlc,432,432.0,600000.0555555555,53.97,52.980557,0.99516,97.222053
X_other,X_other-03-20260923-194534,0,h264_nvenc_cavlc,600,600.0,833333.4,51.65,51.394603,0.993576,96.926652
X_other,X_other-03-20260923-194534,10,h264_nvenc_cavlc,600,600.0,833333.4,55.57,53.871404,0.995875,97.25458
X_other,X_other-03-20260923-194534,20,h264_nvenc_cavlc,600,600.0,833333.4,55.26,53.699536,0.995743,97.243817
X_other,X_other-03-20260923-194534,30,h264_nvenc_cavlc,600,600.0,833333.4,55.38,53.753482,0.995775,97.253396
X_other,X_other-03-20260923-194534,40,h264_nvenc_cavlc,600,600.0,833333.4,55.14,53.698538,0.995714,97.231829
X_other,X_other-03-20260923-194534,50,h264_nvenc_cavlc,600,600.0,833333.4,55.45,53.803766,0.995821,97.246523
X_other,X_other-03-20260923-194534,60,h264_nvenc_cavlc,600,600.0,833333.4,55.69,53.934153,0.995911,97.245409
X_other,X_other-03-20260923-194534,70,h264_nvenc_cavlc,600,600.0,833333.4,55.21,53.716487,0.99574,97.23724
X_other,X_other-03-20260923-194534,80,h264_nvenc_cavlc,600,600.0,833333.4,55.51,53.862714,0.995855,97.268074
X_other,X_other-04-20260923-194550,0,h264_nvenc_cavlc,180,180.0,250000.05555555556,40.83,42.622236,0.978139,92.626966
X_other,X_other-04-20260923-194550,10,h264_nvenc_cavlc,180,180.0,250000.05555555556,49.21,49.966367,0.992083,97.001415
X_other,X_other-04-20260923-194550,20,h264_nvenc_cavlc,180,180.0,250000.05555555556,51.5,51.780959,0.994107,97.130692
X_other,X_other-04-20260923-194550,30,h264_nvenc_cavlc,180,180.0,250000.05555555556,51.57,51.832146,0.994186,97.164854
X_other,X_other-04-20260923-194550,40,h264_nvenc_cavlc,180,180.0,250000.05555555556,51.99,52.036926,0.994357,97.174492
X_other,X_other-04-20260923-194550,50,h264_nvenc_cavlc,180,180.0,250000.05555555556,52.1,52.062204,0.994361,97.149771
X_other,X_other-04-20260923-194550,60,h264_nvenc_cavlc,180,180.0,250000.05555555556,52.24,52.167113,0.994443,97.15605
X_other,X_other-04-20260923-194550,70,h264_nvenc_cavlc,180,180.0,250000.05555555556,52.25,52.162956,0.994433,97.143274
X_other,X_other-04-20260923-194550,80,h264_nvenc_cavlc,180,180.0,250000.05555555556,52.11,52.106483,0.994396,97.174472
X_other,X_other-04-20260923-194550,0,h264_nvenc_cavlc,300,300.0,416666.73333333334,45.56,46.816739,0.986915,95.424673
X_other,X_other-04-20260923-194550,10,h264_nvenc_cavlc,300,300.0,416666.73333333334,52.47,52.20731,0.994574,97.150886
X_other,X_other-04-20260923-194550,20,h264_nvenc_cavlc,300,300.0,416666.73333333334,52.85,52.478173,0.99474,97.178609
X_other,X_other-04-20260923-194550,30,h264_nvenc_cavlc,300,300.0,416666.73333333334,52.65,52.402911,0.994689,97.185399
X_other,X_other-04-20260923-194550,40,h264_nvenc_cavlc,300,300.0,416666.73333333334,53.19,52.639469,0.994842,97.190626
X_other,X_other-04-20260923-194550,50,h264_nvenc_cavlc,300,300.0,416666.73333333334,52.99,52.542293,0.994784,97.185932
X_other,X_other-04-20260923-194550,60,h264_nvenc_cavlc,300,300.0,416666.73333333334,53.05,52.58097,0.994779,97.201859
X_other,X_other-04-20260923-194550,70,h264_nvenc_cavlc,300,300.0,416666.73333333334,53.03,52.533547,0.994768,97.197205
X_other,X_other-04-20260923-194550,80,h264_nvenc_cavlc,300,300.0,416666.73333333334,52.93,52.549924,0.994787,97.202633
X_other,X_other-04-20260923-194550,0,h264_nvenc_cavlc,432,432.0,600000.0555555555,48.56,49.192326,0.99079,96.331376
X_other,X_other-04-20260923-194550,10,h264_nvenc_cavlc,432,432.0,600000.0555555555,53.48,52.775618,0.995008,97.201654
X_other,X_other-04-20260923-194550,20,h264_nvenc_cavlc,432,432.0,600000.0555555555,53.66,52.842682,0.995064,97.190343
X_other,X_other-04-20260923-194550,30,h264_nvenc_cavlc,432,432.0,600000.0555555555,53.48,52.793137,0.995008,97.195462
X_other,X_other-04-20260923-194550,40,h264_nvenc_cavlc,432,432.0,600000.0555555555,53.93,53.004797,0.995164,97.20782
X_other,X_other-04-20260923-194550,50,h264_nvenc_cavlc,432,432.0,600000.0555555555,53.88,52.97407,0.995148,97.197807
X_other,X_other-04-20260923-194550,60,h264_nvenc_cavlc,432,432.0,600000.0555555555,53.87,52.942073,0.995113,97.202431
X_other,X_other-04-20260923-194550,70,h264_nvenc_cavlc,432,432.0,600000.0555555555,53.85,52.941991,0.995129,97.204314
X_other,X_other-04-20260923-194550,80,h264_nvenc_cavlc,432,432.0,600000.0555555555,53.9,52.948525,0.995129,97.207263
X_other,X_other-04-20260923-194550,0,h264_nvenc_cavlc,600,600.0,833333.4,51.53,51.290286,0.993529,96.92024
X_other,X_other-04-20260923-194550,10,h264_nvenc_cavlc,600,600.0,833333.4,54.96,53.615821,0.995673,97.221036
X_other,X_other-04-20260923-194550,20,h264_nvenc_cavlc,600,600.0,833333.4,55.21,53.736598,0.995767,97.234451
X_other,X_other-04-20260923-194550,30,h264_nvenc_cavlc,600,600.0,833333.4,54.93,53.633232,0.995689,97.22606
X_other,X_other-04-20260923-194550,40,h264_nvenc_cavlc,600,600.0,833333.4,55.67,53.942628,0.995904,97.272994
X_other,X_other-04-20260923-194550,50,h264_nvenc_cavlc,600,600.0,833333.4,55.44,53.805449,0.99582,97.251003
X_other,X_other-04-20260923-194550,60,h264_nvenc_cavlc,600,600.0,833333.4,55.44,53.785222,0.99581,97.254285
X_other,X_other-04-20260923-194550,70,h264_nvenc_cavlc,600,600.0,833333.4,55.34,53.756111,0.995774,97.255471
X_other,X_other-04-20260923-194550,80,h264_nvenc_cavlc,600,600.0,833333.4,55.52,53.838924,0.995844,97.252168
X_other,X_other-05-20260923-194606,0,h264_nvenc_cavlc,180,180.0,250000.05555555556,40.97,42.679461,0.978376,92.662052
X_other,X_other-05-20260923-194606,10,h264_nvenc_cavlc,180,180.0,250000.05555555556,49.16,49.967839,0.99203,97.002676
X_other,X_other-05-20260923-194606,20,h264_nvenc_cavlc,180,180.0,250000.05555555556,50.97,51.427229,0.99383,97.09154
X_other,X_other-05-20260923-194606,30,h264_nvenc_cavlc,180,180.0,250000.05555555556,51.45,51.746323,0.99416,97.109179
X_other,X_other-05-20260923-194606,40,h264_nvenc_cavlc,180,180.0,250000.05555555556,50.76,51.436365,0.993893,97.059644
X_other,X_other-05-20260923-194606,50,h264_nvenc_cavlc,180,180.0,250000.05555555556,51.49,51.757039,0.994152,97.113791
X_other,X_other-05-20260923-194606,60,h264_nvenc_cavlc,180,180.0,250000.05555555556,51.68,51.925886,0.994266,97.145912
X_other,X_other-05-20260923-194606,70,h264_nvenc_cavlc,180,180.0,250000.05555555556,51.47,51.767998,0.994177,97.117479
X_other,X_other-05-20260923-194606,80,h264_nvenc_cavlc,180,180.0,250000.05555555556,51.89,51.999984,0.994319,97.14031
X_other,X_other-05-20260923-194606,0,h264_nvenc_cavlc,300,300.0,416666.73333333334,45.54,46.784423,0.986906,95.376802
X_other,X_other-05-20260923-194606,10,h264_nvenc_cavlc,300,300.0,416666.73333333334,52.44,52.171535,0.994513,97.150474
X_other,X_other-05-20260923-194606,20,h264_nvenc_cavlc,300,300.0,416666.73333333334,52.43,52.335146,0.994593,97.155565
X_other,X_other-05-20260923-194606,30,h264_nvenc_cavlc,300,300.0,416666.73333333334,52.43,52.289804,0.994605,97.172453
X_other,X_other-05-20260923-194606,40,h264_nvenc_cavlc,300,300.0,416666.73333333334,52.03,52.061044,0.994451,97.15947
X_other,X_other-05-20260923-194606,50,h264_nvenc_cavlc,300,300.0,416666.73333333334,52.62,52.329199,0.994621,97.155136
X_other,X_other-05-20260923-194606,60,h264_nvenc_cavlc,300,300.0,416666.73333333334,52.96,52.559207,0.994795,97.190222
X_other,X_other-05-20260923-194606,70,h264_nvenc_cavlc,300,300.0,416666.73333333334,53.05,52.567273,0.994818,97.17111
X_other,X_other-05-20260923-194606,80,h264_nvenc_cavlc,300,300.0,416666.73333333334,53.14,52.597604,0.99483,97.18789
X_other,X_other-05-20260923-194606,0,h264_nvenc_cavlc,432,432.0,600000.0555555555,48.55,49.160185,0.990741,96.308106
X_other,X_other-05-20260923-194606,10,h264_nvenc_cavlc,432,432.0,600000.0555555555,53.7,52.825572,0.995024,97.190567
X_other,X_other-05-20260923-194606,20,h264_nvenc_cavlc,432,432.0,600000.0555555555,53.36,52.683284,0.99493,97.181736
X_other,X_other-05-20260923-194606,30,h264_nvenc_cavlc,432,432.0,600000.0555555555,53.34,52.683086,0.994918,97.178645
X_other,X_other-05-20260923-194606,40,h264_nvenc_cavlc,432,432.0,600000.0555555555,52.81,52.434272,0.994773,97.168875
X_other,X_other-05-20260923-194606,50,h264_nvenc_cavlc,432,432.0,600000.0555555555,53.4,52.695807,0.994931,97.179546
X_other,X_other-05-20260923-194606,60,h264_nvenc_cavlc,432,432.0,600000.0555555555,53.93,52.934293,0.995114,97.215483
X_other,X_other-05-20260923-194606,70,h264_nvenc_cavlc,432,432.0,600000.0555555555,53.86,52.955963,0.995123,97.17881
X_other,X_other-05-20260923-194606,80,h264_nvenc_cavlc,432,432.0,600000.0555555555,53.86,52.932493,0.995096,97.192286
X_other,X_other-05-20260923-194606,0,h264_nvenc_cavlc,600,600.0,833333.4,51.67,51.37857,0.993596,96.940058
X_other,X_other-05-20260923-194606,10,h264_nvenc_cavlc,600,600.0,833333.4,55.45,53.838279,0.99582,97.246186
X_other,X_other-05-20260923-194606,20,h264_nvenc_cavlc,600,600.0,833333.4,54.7,53.477323,0.995538,97.226958
X_other,X_other-05-20260923-194606,30,h264_nvenc_cavlc,600,600.0,833333.4,54.57,53.376023,0.995495,97.225226
X_other,X_other-05-20260923-194606,40,h264_nvenc_cavlc,600,600.0,833333.4,54.26,53.299759,0.995461,97.220044
X_other,X_other-05-20260923-194606,50,h264_nvenc_cavlc,600,600.0,833333.4,54.77,53.498756,0.995562,97.222935
X_other,X_other-05-20260923-194606,60,h264_nvenc_cavlc,600,600.0,833333.4,55.45,53.790481,0.995814,97.276179
X_other,X_other-05-20260923-194606,70,h264_nvenc_cavlc,600,600.0,833333.4,55.46,53.821615,0.995829,97.250046
X_other,X_other-05-20260923-194606,80,h264_nvenc_cavlc,600,600.0,833333.4,55.52,53.84671,0.995874,97.255865
X_other,X_other-06-20260923-194622,0,h264_nvenc_cavlc,180,180.0,250000.05555555556,40.97,42.710195,0.978366,92.683092
X_other,X_other-06-20260923-194622,10,h264_nvenc_cavlc,180,180.0,250000.05555555556,49.05,49.789055,0.991853,96.986161
X_other,X_other-06-20260923-194622,20,h264_nvenc_cavlc,180,180.0,250000.05555555556,51.69,51.790758,0.994133,97.156644
X_other,X_other-06-20260923-194622,30,h264_nvenc_cavlc,180,180.0,250000.05555555556,52.67,52.283411,0.994553,97.169804
X_other,X_other-06-20260923-194622,40,h264_nvenc_cavlc,180,180.0,250000.05555555556,52.88,52.451621,0.994694,97.208632
X_other,X_other-06-20260923-194622,50,h264_nvenc_cavlc,180,180.0,250000.05555555556,53.19,52.559027,0.994819,97.203486
X_other,X_other-06-20260923-194622,60,h264_nvenc_cavlc,180,180.0,250000.05555555556,53.25,52.661004,0.99487,97.209224
X_other,X_other-06-20260923-194622,70,h264_nvenc_cavlc,180,180.0,250000.05555555556,53.4,52.695351,0.994892,97.19591
X_other,X_other-06-20260923-194622,80,h264_nvenc_cavlc,180,180.0,250000.05555555556,53.46,52.718693,0.994932,97.221162
X_other,X_other-06-20260923-194622,0,h264_nvenc_cavlc,300,300.0,416666.73333333334,45.44,46.709162,0.986801,95.435691
X_other,X_other-06-20260923-194622,10,h264_nvenc_cavlc,300,300.0,416666.73333333334,53.07,52.499663,0.994784,97.170877
X_other,X_other-06-20260923-194622,20,h264_nvenc_cavlc,300,300.0,416666.73333333334,53.58,52.776362,0.995001,97.211325
X_other,X_other-06-20260923-194622,30,h264_nvenc_cavlc,300,300.0,416666.73333333334,53.74,52.855995,0.995057,97.190991
X_other,X_other-06-20260923-194622,40,h264_nvenc_cavlc,300,300.0,416666.73333333334,53.87,52.950773,0.99514,97.224765
X_other,X_other-06-20260923-194622,50,h264_nvenc_cavlc,300,300.0,416666.73333333334,54.2,53.084077,0.995255,97.211413
X_other,X_other-06-20260923-194622,60,h264_nvenc_cavlc,300,300.0,416666.73333333334,54.04,53.049536,0.995203,97.217439
X_other,X_other-06-20260923-194622,70,h264_nvenc_cavlc,300,300.0,416666.73333333334,54.36,53.170198,0.995309,97.213757
X_other,X_other-06-20260923-194622,80,h264_nvenc_cavlc,300,300.0,416666.73333333334,54.4,53.222838,0.995341,97.22914
X_other,X_other-06-20260923-194622,0,h264_nvenc_cavlc,432,432.0,600000.0555555555,48.54,49.140023,0.990732,96.359416
X_other,X_other-06-20260923-194622,10,h264_nvenc_cavlc,432,432.0,600000.0555555555,54.17,53.029262,0.995221,97.215652
X_other,X_other-06-20260923-194622,20,h264_nvenc_cavlc,432,432.0,600000.0555555555,54.52,53.295391,0.995425,97.236037
X_other,X_other-06-20260923-194622,30,h264_nvenc_cavlc,432,432.0,600000.0555555555,54.74,53.400525,0.99551,97.226443
X_other,X_other-06-20260923-194622,40,h264_nvenc_cavlc,432,432.0,600000.0555555555,54.88,53.477449,0.995563,97.249472
X_other,X_other-06-20260923-194622,50,h264_nvenc_cavlc,432,432.0,600000.0555555555,55.16,53.606767,0.995655,97.251429
X_other,X_other-06-20260923-194622,60,h264_nvenc_cavlc,432,432.0,600000.0555555555,54.99,53.534495,0.995611,97.246806
X_other,X_other-06-20260923-194622,70,h264_nvenc_cavlc,432,432.0,600000.0555555555,55.35,53.714105,0.995733,97.251721
X_other,X_other-06-20260923-194622,80,h264_nvenc_cavlc,432,432.0,600000.0555555555,55.4,53.758887,0.995758,97.266003
X_other,X_other-06-20260923-194622,0,h264_nvenc_cavlc,600,600.0,833333.4,51.66,51.381442,0.993591,96.930609
X_other,X_other-06-20260923-194622,10,h264_nvenc_cavlc,600,600.0,833333.4,56.01,54.14398,0.996049,97.265161
X_other,X_other-06-20260923-194622,20,h264_nvenc_cavlc,600,600.0,833333.4,56.57,54.453967,0.996265,97.294012
X_other,X_other-06-20260923-194622,30,h264_nvenc_cavlc,600,600.0,833333.4,56.69,54.551766,0.996319,97.300785
X_other,X_other-06-20260923-194622,40,h264_nvenc_cavlc,600,600.0,833333.4,56.87,54.63059,0.996374,97.326623
X_other,X_other-06-20260923-194622,50,h264_nvenc_cavlc,600,600.0,833333.4,57.3,54.864776,0.996498,97.314944
X_other,X_other-06-20260923-194622,60,h264_nvenc_cavlc,600,600.0,833333.4,56.91,54.634057,0.996392,97.315779
X_other,X_other-06-20260923-194622,70,h264_nvenc_cavlc,600,600.0,833333.4,57.43,54.925302,0.996547,97.326913
X_other,X_other-06-20260923-194622,80,h264_nvenc_cavlc,600,600.0,833333.4,57.53,54.982576,0.996568,97.328541
X_other,X_other-07-20260923-194639,0,h264_nvenc_cavlc,180,180.0,250000.05555555556,41.74,42.694873,0.977627,92.687937
X_other,X_other-07-20260923-194639,10,h264_nvenc_cavlc,180,180.0,250000.05555555556,49.05,49.984573,0.991964,96.965932
X_other,X_other-07-20260923-194639,20,h264_nvenc_cavlc,180,180.0,250000.05555555556,51.04,51.677682,0.993941,97.110178
X_other,X_other-07-20260923-194639,30,h264_nvenc_cavlc,180,180.0,250000.05555555556,51.1,51.823343,0.994117,97.108367
X_other,X_other-07-20260923-194639,40,h264_nvenc_cavlc,180,180.0,250000.05555555556,51.38,51.891445,0.994176,97.12899
X_other,X_other-07-20260923-194639,50,h264_nvenc_cavlc,180,180.0,250000.05555555556,51.27,51.873972,0.994192,97.083686
X_other,X_other-07-20260923-194639,60,h264_nvenc_cavlc,180,180.0,250000.05555555556,51.23,51.85105,0.994139,97.131618
X_other,X_other-07-20260923-194639,70,h264_nvenc_cavlc,180,180.0,250000.05555555556,51.55,52.040412,0.994277,97.130183
X_other,X_other-07-20260923-194639,80,h264_nvenc_cavlc,180,180.0,250000.05555555556,51.32,51.883463,0.994235,97.098404
X_other,X_other-07-20260923-194639,0,h264_nvenc_cavlc,300,300.0,416666.73333333334,45.98,46.732677,0.986459,95.47545
X_other,X_other-07-20260923-194639,10,h264_nvenc_cavlc,300,300.0,416666.73333333334,52.49,52.408858,0.994708,97.151018
X_other,X_other-07-20260923-194639,20,h264_nvenc_cavlc,300,300.0,416666.73333333334,53.0,52.730458,0.994935,97.173318
X_other,X_other-07-20260923-194639,30,h264_nvenc_cavlc,300,300.0,416666.73333333334,52.86,52.676263,0.994891,97.16897
X_other,X_other-07-20260923-194639,40,h264_nvenc_cavlc,300,300.0,416666.73333333334,53.01,52.721046,0.994922,97.181472
X_other,X_other-07-20260923-194639,50,h264_nvenc_cavlc,300,300.0,416666.73333333334,52.49,52.523297,0.994769,97.151858
X_other,X_other-07-20260923-194639,60,h264_nvenc_cavlc,300,300.0,416666.73333333334,52.38,52.519013,0.994718,97.160566
X_other,X_other-07-20260923-194639,70,h264_nvenc_cavlc,300,300.0,416666.73333333334,53.0,52.751634,0.994931,97.163715
X_other,X_other-07-20260923-194639,80,h264_nvenc_cavlc,300,300.0,416666.73333333334,52.64,52.596167,0.994804,97.137779
X_other,X_other-07-20260923-194639,0,h264_nvenc_cavlc,432,432.0,600000.0555555555,48.88,49.414183,0.990902,96.410219
X_other,X_other-07-20260923-194639,10,h264_nvenc_cavlc,432,432.0,600000.0555555555,53.76,53.016392,0.995174,97.18795
X_other,X_other-07-20260923-194639,20,h264_nvenc_cavlc,432,432.0,600000.0555555555,53.9,53.195815,0.995271,97.198333
X_other,X_other-07-20260923-194639,30,h264_nvenc_cavlc,432,432.0,600000.0555555555,53.76,53.061688,0.995161,97.205912
X_other,X_other-07-20260923-194639,40,h264_nvenc_cavlc,432,432.0,600000.0555555555,53.85,53.166119,0.995255,97.207744
X_other,X_other-07-20260923-194639,50,h264_nvenc_cavlc,432,432.0,600000.0555555555,53.45,52.956089,0.995117,97.163404
X_other,X_other-07-20260923-194639,60,h264_nvenc_cavlc,432,432.0,600000.0555555555,53.29,52.952268,0.995097,97.168044
X_other,X_other-07-20260923-194639,70,h264_nvenc_cavlc,432,432.0,600000.0555555555,54.01,53.283436,0.995303,97.207992
X_other,X_other-07-20260923-194639,80,h264_nvenc_cavlc,432,432.0,600000.0555555555,53.59,53.040405,0.995141,97.166217
X_other,X_other-07-20260923-194639,0,h264_nvenc_cavlc,600,600.0,833333.4,51.53,51.49477,0.99359,96.895004
X_other,X_other-07-20260923-194639,10,h264_nvenc_cavlc,600,600.0,833333.4,55.3,53.940732,0.995861,97.244497
X_other,X_other-07-20260923-194639,20,h264_nvenc_cavlc,600,600.0,833333.4,55.69,54.237184,0.996093,97.267666
X_other,X_other-07-20260923-194639,30,h264_nvenc_cavlc,600,600.0,833333.4,55.42,54.091438,0.995994,97.270354
X_other,X_other-07-20260923-194639,40,h264_nvenc_cavlc,600,600.0,833333.4,55.82,54.271548,0.996108,97.269596
X_other,X_other-07-20260923-194639,50,h264_nvenc_cavlc,600,600.0,833333.4,55.25,54.062851,0.995914,97.22748
X_other,X_other-07-20260923-194639,60,h264_nvenc_cavlc,600,600.0,833333.4,55.05,53.973313,0.995853,97.235204
X_other,X_other-07-20260923-194639,70,h264_nvenc_cavlc,600,600.0,833333.4,55.94,54.372268,0.996155,97.272409
X_other,X_other-07-20260923-194639,80,h264_nvenc_cavlc,600,600.0,833333.4,55.16,53.92833,0.99585,97.222623
X_other,X_other-08-20260923-194655,0,h264_nvenc_cavlc,180,180.0,250000.05555555556,41.57,42.555279,0.977213,92.621793
X_other,X_other-08-20260923-194655,10,h264_nvenc_cavlc,180,180.0,250000.05555555556,48.98,50.206911,0.992417,96.950458
X_other,X_other-08-20260923-194655,20,h264_nvenc_cavlc,180,180.0,250000.05555555556,51.53,51.926229,0.994238,97.112841
X_other,X_other-08-20260923-194655,30,h264_nvenc_cavlc,180,180.0,250000.05555555556,51.8,52.151595,0.994405,97.103222
X_other,X_other-08-20260923-194655,40,h264_nvenc_cavlc,180,180.0,250000.05555555556,52.21,52.357547,0.99457,97.13094
X_other,X_other-08-20260923-194655,50,h264_nvenc_cavlc,180,180.0,250000.05555555556,51.7,52.134835,0.994424,97.078588
X_other,X_other-08-20260923-194655,60,h264_nvenc_cavlc,180,180.0,250000.05555555556,51.58,52.04475,0.994352,97.071828
X_other,X_other-08-20260923-194655,70,h264_nvenc_cavlc,180,180.0,250000.05555555556,51.43,51.942199,0.994282,97.122565
X_other,X_other-08-20260923-194655,80,h264_nvenc_cavlc,180,180.0,250000.05555555556,52.3,52.398599,0.994612,97.13208
X_other,X_other-08-20260923-194655,0,h264_nvenc_cavlc,300,300.0,416666.73333333334,45.92,46.75881,0.986364,95.504228
X_other,X_other-08-20260923-194655,10,h264_nvenc_cavlc,300,300.0,416666.73333333334,52.87,52.590084,0.994841,97.146699
X_other,X_other-08-20260923-194655,20,h264_nvenc_cavlc,300,300.0,416666.73333333334,53.18,52.83921,0.995002,97.168443
X_other,X_other-08-20260923-194655,30,h264_nvenc_cavlc,300,300.0,416666.73333333334,53.08,52.775966,0.994948,97.185881
X_other,X_other-08-20260923-194655,40,h264_nvenc_cavlc,300,300.0,416666.73333333334,53.17,52.872508,0.994985,97.168824
X_other,X_other-08-20260923-194655,50,h264_nvenc_cavlc,300,300.0,416666.73333333334,52.92,52.748692,0.994949,97.133789
X_other,X_other-08-20260923-194655,60,h264_nvenc_cavlc,300,300.0,416666.73333333334,52.81,52.684121,0.994848,97.147445
X_other,X_other-08-20260923-194655,70,h264_nvenc_cavlc,300,300.0,416666.73333333334,52.41,52.530927,0.994786,97.15751
X_other,X_other-08-20260923-194655,80,h264_nvenc_cavlc,300,300.0,416666.73333333334,53.28,52.916735,0.995027,97.181205
X_other,X_other-08-20260923-194655,0,h264_nvenc_cavlc,432,432.0,600000.0555555555,48.83,49.398722,0.990849,96.404257
X_other,X_other-08-20260923-194655,10,h264_nvenc_cavlc,432,432.0,600000.0555555555,54.04,53.194408,0.99531,97.199085
X_other,X_other-08-20260923-194655,20,h264_nvenc_cavlc,432,432.0,600000.0555555555,54.15,53.321544,0.995344,97.206142
X_other,X_other-08-20260923-194655,30,h264_nvenc_cavlc,432,432.0,600000.0555555555,54.01,53.230075,0.99529,97.205865
X_other,X_other-08-20260923-194655,40,h264_nvenc_cavlc,432,432.0,600000.0555555555,54.08,53.274552,0.99534,97.183269
X_other,X_other-08-20260923-194655,50,h264_nvenc_cavlc,432,432.0,600000.0555555555,53.87,53.208649,0.995275,97.174633
X_other,X_other-08-20260923-194655,60,h264_nvenc_cavlc,432,432.0,600000.0555555555,53.79,53.206079,0.995275,97.196894
X_other,X_other-08-20260923-194655,70,h264_nvenc_cavlc,432,432.0,600000.0555555555,53.24,52.989154,0.995103,97.164299
X_other,X_other-08-20260923-194655,80,h264_nvenc_cavlc,432,432.0,600000.0555555555,54.22,53.347638,0.995376,97.200248
X_other,X_other-08-20260923-194655,0,h264_nvenc_cavlc,600,600.0,833333.4,51.6,51.605719,0.99365,96.908417
X_other,X_other-08-20260923-194655,10,h264_nvenc_cavlc,600,600.0,833333.4,55.97,54.324876,0.99614,97.273893
X_other,X_other-08-20260923-194655,20,h264_nvenc_cavlc,600,600.0,833333.4,55.97,54.387907,0.996163,97.283001
X_other,X_other-08-20260923-194655,30,h264_nvenc_cavlc,600,600.0,833333.4,55.91,54.349207,0.996157,97.275777
X_other,X_other-08-20260923-194655,40,h264_nvenc_cavlc,600,600.0,833333.4,56.07,54.470714,0.996221,97.265557
X_other,X_other-08-20260923-194655,50,h264_nvenc_cavlc,600,600.0,833333.4,55.68,54.246409,0.996079,97.265881
X_other,X_other-08-20260923-194655,60,h264_nvenc_cavlc,600,600.0,833333.4,55.68,54.238199,0.99607,97.266102
X_other,X_other-08-20260923-194655,70,h264_nvenc_cavlc,600,600.0,833333.4,54.95,54.005723,0.9959,97.223266
X_other,X_other-08-20260923-194655,80,h264_nvenc_cavlc,600,600.0,833333.4,56.18,54.523884,0.996263,97.28094
X_other,X_other-09-20260923-194711,0,h264_nvenc_cavlc,180,180.0,250000.05555555556,41.61,42.607591,0.977367,92.531906
X_other,X_other-09-20260923-194711,10,h264_nvenc_cavlc,180,180.0,250000.05555555556,48.87,49.912584,0.991647,96.989806
X_other,X_other-09-20260923-194711,20,h264_nvenc_cavlc,180,180.0,250000.05555555556,50.6,51.638885,0.993937,97.058238
X_other,X_other-09-20260923-194711,30,h264_nvenc_cavlc,180,180.0,250000.05555555556,51.7,52.102768,0.994347,97.087265
X_other,X_other-09-20260923-194711,40,h264_nvenc_cavlc,180,180.0,250000.05555555556,52.33,52.354296,0.99458,97.122006
X_other,X_other-09-20260923-194711,50,h264_nvenc_cavlc,180,180.0,250000.05555555556,52.12,52.322431,0.99452,97.118926
X_other,X_other-09-20260923-194711,60,h264_nvenc_cavlc,180,180.0,250000.05555555556,52.41,52.466843,0.994663,97.137934
X_other,X_other-09-20260923-194711,70,h264_nvenc_cavlc,180,180.0,250000.05555555556,51.71,52.280022,0.994495,97.085844
X_other,X_other-09-20260923-194711,80,h264_nvenc_cavlc,180,180.0,250000.05555555556,51.61,52.111287,0.994373,97.117014
X_other,X_other-09-20260923-194711,0,h264_nvenc_cavlc,300,300.0,416666.73333333334,45.97,46.807045,0.986485,95.490412
X_other,X_other-09-20260923-194711,10,h264_nvenc_cavlc,300,300.0,416666.73333333334,51.46,51.925622,0.994285,97.104774
X_other,X_other-09-20260923-194711,20,h264_nvenc_cavlc,300,300.0,416666.73333333334,52.4,52.498119,0.994736,97.139763
X_other,X_other-09-20260923-194711,30,h264_nvenc_cavlc,300,300.0,416666.73333333334,52.78,52.668569,0.994867,97.140312
X_other,X_other-09-20260923-194711,40,h264_nvenc_cavlc,300,300.0,416666.73333333334,53.44,52.912466,0.995023,97.192752
X_other,X_other-09-20260923-194711,50,h264_nvenc_cavlc,300,300.0,416666.73333333334,53.07,52.841048,0.994956,97.163866
X_other,X_other-09-20260923-194711,60,h264_nvenc_cavlc,300,300.0,416666.73333333334,53.35,52.899014,0.995059,97.161818
X_other,X_other-09-20260923-194711,70,h264_nvenc_cavlc,300,300.0,416666.73333333334,52.85,52.820251,0.99493,97.134475
X_other,X_other-09-20260923-194711,80,h264_nvenc_cavlc,300,300.0,416666.73333333334,52.44,52.527394,0.994765,97.130008
X_other,X_other-09-20260923-194711,0,h264_nvenc_cavlc,432,432.0,600000.0555555555,48.86,49.42805,0.990888,96.430685
X_other,X_other-09-20260923-194711,10,h264_nvenc_cavlc,432,432.0,600000.0555555555,52.68,52.607162,0.994844,97.144865
X_other,X_other-09-20260923-194711,20,h264_nvenc_cavlc,432,432.0,600000.0555555555,53.25,52.90054,0.99505,97.150734
X_other,X_other-09-20260923-194711,30,h264_nvenc_cavlc,432,432.0,600000.0555555555,53.69,53.058714,0.995179,97.181116
X_other,X_other-09-20260923-194711,40,h264_nvenc_cavlc,432,432.0,600000.0555555555,54.38,53.418314,0.99545,97.195426
X_other,X_other-09-20260923-194711,50,h264_nvenc_cavlc,432,432.0,600000.0555555555,53.97,53.259222,0.9953,97.200034
X_other,X_other-09-20260923-194711,60,h264_nvenc_cavlc,432,432.0,600000.0555555555,54.28,53.393206,0.995406,97.208197
X_other,X_other-09-20260923-194711,70,h264_nvenc_cavlc,432,432.0,600000.0555555555,53.71,53.202771,0.995253,97.16589
X_other,X_other-09-20260923-194711,80,h264_nvenc_cavlc,432,432.0,600000.0555555555,53.26,52.960975,0.995109,97.173301
X_other,X_other-09-20260923-194711,0,h264_nvenc_cavlc,600,600.0,833333.4,51.52,51.488757,0.99359,96.925702
X_other,X_other-09-20260923-194711,10,h264_nvenc_cavlc,600,600.0,833333.4,54.27,53.51672,0.995517,97.201812
X_other,X_other-09-20260923-194711,20,h264_nvenc_cavlc,600,600.0,833333.4,55.05,53.97472,0.99584,97.228716
X_other,X_other-09-20260923-194711,30,h264_nvenc_cavlc,600,600.0,833333.4,55.32,54.005789,0.995889,97.223429
X_other,X_other-09-20260923-194711,40,h264_nvenc_cavlc,600,600.0,833333.4,56.57,54.699484,0.996381,97.290305
X_other,X_other-09-20260923-194711,50,h264_nvenc_cavlc,600,600.0,833333.4,55.87,54.382472,0.996137,97.271141
X_other,X_other-09-20260923-194711,60,h264_nvenc_cavlc,600,600.0,833333.4,56.31,54.600119,0.996307,97.273184
X_other,X_other-09-20260923-194711,70,h264_nvenc_cavlc,600,600.0,833333.4,55.36,54.216582,0.996034,97.237869
X_other,X_other-09-20260923-194711,80,h264_nvenc_cavlc,600,600.0,833333.4,54.87,53.980218,0.995876,97.230457
X_other,X_other-10-20260923-194727,0,h264_nvenc_cavlc,180,180.0,250000.05555555556,41.59,42.579992,0.977238,92.642247
X_other,X_other-10-20260923-194727,10,h264_nvenc_cavlc,180,180.0,250000.05555555556,49.79,50.728563,0.99299,97.01037
X_other,X_other-10-20260923-194727,20,h264_nvenc_cavlc,180,180.0,250000.05555555556,51.63,52.090197,0.99438,97.089894
X_other,X_other-10-20260923-194727,30,h264_nvenc_cavlc,180,180.0,250000.05555555556,51.6,52.090099,0.994376,97.077263
X_other,X_other-10-20260923-194727,40,h264_nvenc_cavlc,180,180.0,250000.05555555556,52.1,52.30153,0.994525,97.114931
X_other,X_other-10-20260923-194727,50,h264_nvenc_cavlc,180,180.0,250000.05555555556,52.23,52.368345,0.994561,97.150699
X_other,X_other-10-20260923-194727,60,h264_nvenc_cavlc,180,180.0,250000.05555555556,51.35,51.927036,0.994278,97.083561
X_other,X_other-10-20260923-194727,70,h264_nvenc_cavlc,180,180.0,250000.05555555556,52.15,52.357707,0.994576,97.165502
X_other,X_other-10-20260923-194727,80,h264_nvenc_cavlc,180,180.0,250000.05555555556,52.17,52.367355,0.99459,97.1081
X_other,X_other-10-20260923-194727,0,h264_nvenc_cavlc,300,300.0,416666.73333333334,45.92,46.731648,0.986384,95.482749
X_other,X_other-10-20260923-194727,10,h264_nvenc_cavlc,300,300.0,416666.73333333334,52.8,52.592051,0.994801,97.152181
X_other,X_other-10-20260923-194727,20,h264_nvenc_cavlc,300,300.0,416666.73333333334,53.01,52.780356,0.994934,97.159091
X_other,X_other-10-20260923-194727,30,h264_nvenc_cavlc,300,300.0,416666.73333333334,53.06,52.786092,0.994921,97.150972
X_other,X_other-10-20260923-194727,40,h264_nvenc_cavlc,300,300.0,416666.73333333334,53.19,52.855028,0.995013,97.169367
X_other,X_other-10-20260923-194727,50,h264_nvenc_cavlc,300,300.0,416666.73333333334,53.42,52.958816,0.995056,97.196752
X_other,X_other-10-20260923-194727,60,h264_nvenc_cavlc,300,300.0,416666.73333333334,52.56,52.565295,0.99477,97.136067
X_other,X_other-10-20260923-194727,70,h264_nvenc_cavlc,300,300.0,416666.73333333334,53.35,52.936592,0.995021,97.197877
X_other,X_other-10-20260923-194727,80,h264_nvenc_cavlc,300,300.0,416666.73333333334,53.16,52.886895,0.995006,97.160673
X_other,X_other-10-20260923-194727,0,h264_nvenc_cavlc,432,432.0,600000.0555555555,48.84,49.404806,0.99085,96.396563
X_other,X_other-10-20260923-194727,10,h264_nvenc_cavlc,432,432.0,600000.0555555555,53.96,53.228047,0.995299,97.202727
X_other,X_other-10-20260923-194727,20,h264_nvenc_cavlc,432,432.0,600000.0555555555,54.02,53.329345,0.995363,97.183663
X_other,X_other-10-20260923-194727,30,h264_nvenc_cavlc,432,432.0,600000.0555555555,54.06,53.275413,0.995326,97.194352
X_other,X_other-10-20260923-194727,40,h264_nvenc_cavlc,432,432.0,600000.0555555555,54.14,53.321235,0.995347,97.216591
X_other,X_other-10-20260923-194727,50,h264_nvenc_cavlc,432,432.0,600000.0555555555,54.28,53.377317,0.995399,97.214026
X_other,X_other-10-20260923-194727,60,h264_nvenc_cavlc,432,432.0,600000.0555555555,53.57,53.062721,0.995169,97.167754
X_other,X_other-10-20260923-194727,70,h264_nvenc_cavlc,432,432.0,600000.0555555555,54.34,53.433537,0.995426,97.211902
X_other,X_other-10-20260923-194727,80,h264_nvenc_cavlc,432,432.0,600000.0555555555,53.95,53.26916,0.995313,97.185582
X_other,X_other-10-20260923-194727,0,h264_nvenc_cavlc,600,600.0,833333.4,51.63,51.623183,0.993659,96.914604
X_other,X_other-10-20260923-194727,10,h264_nvenc_cavlc,600,600.0,833333.4,55.97,54.40348,0.996164,97.272739
X_other,X_other-10-20260923-194727,20,h264_nvenc_cavlc,600,600.0,833333.4,56.24,54.627328,0.996315,97.286807
X_other,X_other-10-20260923-194727,30,h264_nvenc_cavlc,600,600.0,833333.4,56.02,54.480789,0.996199,97.273091
X_other,X_other-10-20260923-194727,40,h264_nvenc_cavlc,600,600.0,833333.4,56.01,54.494599,0.996211,97.267513
X_other,X_other-10-20260923-194727,50,h264_nvenc_cavlc,600,600.0,833333.4,56.38,54.63119,0.996313,97.289333
X_other,X_other-10-20260923-194727,60,h264_nvenc_cavlc,600,600.0,833333.4,55.3,54.089369,0.995911,97.224127
X_other,X_other-10-20260923-194727,70,h264_nvenc_cavlc,600,600.0,833333.4,56.26,54.460391,0.99626,97.283661
X_other,X_other-10-20260923-194727,80,h264_nvenc_cavlc,600,600.0,833333.4,55.92,54.445767,0.996165,97.280987
X_other,X_other-11-20260923-194744,0,h264_nvenc_cavlc,180,180.0,250000.05555555556,41.69,42.747143,0.977714,92.715018
X_other,X_other-11-20260923-194744,10,h264_nvenc_cavlc,180,180.0,250000.05555555556,49.05,50.213371,0.992516,96.968076
X_other,X_other-11-20260923-194744,20,h264_nvenc_cavlc,180,180.0,250000.05555555556,51.28,51.873325,0.994153,97.111883
X_other,X_other-11-20260923-194744,30,h264_nvenc_cavlc,180,180.0,250000.05555555556,51.56,51.935491,0.99425,97.109041
X_other,X_other-11-20260923-194744,40,h264_nvenc_cavlc,180,180.0,250000.05555555556,51.02,51.758371,0.994098,97.054707
X_other,X_other-11-20260923-194744,50,h264_nvenc_cavlc,180,180.0,250000.05555555556,49.93,51.163145,0.993509,97.004657
X_other,X_other-11-20260923-194744,60,h264_nvenc_cavlc,180,180.0,250000.05555555556,51.77,52.126238,0.994379,97.142946
X_other,X_other-11-20260923-194744,70,h264_nvenc_cavlc,180,180.0,250000.05555555556,52.17,52.339155,0.994548,97.16294
X_other,X_other-11-20260923-194744,80,h264_nvenc_cavlc,180,180.0,250000.05555555556,52.53,52.480123,0.994683,97.142273
X_other,X_other-11-20260923-194744,0,h264_nvenc_cavlc,300,300.0,416666.73333333334,45.96,46.813361,0.986488,95.487872
X_other,X_other-11-20260923-194744,10,h264_nvenc_cavlc,300,300.0,416666.73333333334,52.71,52.594668,0.99484,97.153606
X_other,X_other-11-20260923-194744,20,h264_nvenc_cavlc,300,300.0,416666.73333333334,52.92,52.747246,0.994923,97.159811
X_other,X_other-11-20260923-194744,30,h264_nvenc_cavlc,300,300.0,416666.73333333334,52.84,52.699402,0.994875,97.157443
X_other,X_other-11-20260923-194744,40,h264_nvenc_cavlc,300,300.0,416666.73333333334,52.81,52.635537,0.994821,97.131957
X_other,X_other-11-20260923-194744,50,h264_nvenc_cavlc,300,300.0,416666.73333333334,51.24,51.843013,0.99416,97.100129
X_other,X_other-11-20260923-194744,60,h264_nvenc_cavlc,300,300.0,416666.73333333334,53.03,52.734743,0.994913,97.188292
X_other,X_other-11-20260923-194744,70,h264_nvenc_cavlc,300,300.0,416666.73333333334,53.38,52.952586,0.995042,97.216001
X_other,X_other-11-20260923-194744,80,h264_nvenc_cavlc,300,300.0,416666.73333333334,53.53,53.011756,0.99512,97.164855
X_other,X_other-11-20260923-194744,0,h264_nvenc_cavlc,432,432.0,600000.0555555555,48.88,49.446126,0.990899,96.420866
X_other,X_other-11-20260923-194744,10,h264_nvenc_cavlc,432,432.0,600000.0555555555,53.77,53.135685,0.995195,97.18904
X_other,X_other-11-20260923-194744,20,h264_nvenc_cavlc,432,432.0,600000.0555555555,53.96,53.273208,0.995313,97.185882
X_other,X_other-11-20260923-194744,30,h264_nvenc_cavlc,432,432.0,600000.0555555555,53.92,53.186631,0.99526,97.187041
X_other,X_other-11-20260923-194744,40,h264_nvenc_cavlc,432,432.0,600000.0555555555,53.67,53.110015,0.995203,97.164748
X_other,X_other-11-20260923-194744,50,h264_nvenc_cavlc,432,432.0,600000.0555555555,53.04,52.744568,0.994988,97.172787
X_other,X_other-11-20260923-194744,60,h264_nvenc_cavlc,432,432.0,600000.0555555555,54.0,53.229639,0.995287,97.205452
X_other,X_other-11-20260923-194744,70,h264_nvenc_cavlc,432,432.0,600000.0555555555,54.36,53.428277,0.995446,97.220262
X_other,X_other-11-20260923-194744,80,h264_nvenc_cavlc,432,432.0,600000.0555555555,54.42,53.460187,0.995477,97.208828
X_other,X_other-11-20260923-194744,0,h264_nvenc_cavlc,600,600.0,833333.4,51.54,51.558496,0.993585,96.898847
X_other,X_other-11-20260923-194744,10,h264_nvenc_cavlc,600,600.0,833333.4,55.55,54.174746,0.996004,97.256598
X_other,X_other-11-20260923-194744,20,h264_nvenc_cavlc,600,600.0,833333.4,56.03,54.510784,0.996223,97.26681
X_other,X_other-11-20260923-194744,30,h264_nvenc_cavlc,600,600.0,833333.4,55.61,54.216007,0.996031,97.264872
X_other,X_other-11-20260923-194744,40,h264_nvenc_cavlc,600,600.0,833333.4,55.41,54.127459,0.995966,97.253876
X_other,X_other-11-20260923-194744,50,h264_nvenc_cavlc,600,600.0,833333.4,54.91,53.796029,0.995727,97.223917
X_other,X_other-11-20260923-194744,60,h264_nvenc_cavlc,600,600.0,833333.4,56.01,54.408432,0.996168,97.278582
X_other,X_other-11-20260923-194744,70,h264_nvenc_cavlc,600,600.0,833333.4,56.45,54.651886,0.996339,97.284899
X_other,X_other-11-20260923-194744,80,h264_nvenc_cavlc,600,600.0,833333.4,56.62,54.767681,0.996398,97.300057
X_other,X_other-12-20260923-194800,0,h264_nvenc_cavlc,180,180.0,250000.05555555556,41.65,42.620287,0.977298,92.652012
X_other,X_other-12-20260923-194800,10,h264_nvenc_cavlc,180,180.0,250000.05555555556,49.92,50.802716,0.993048,97.017811
X_other,X_other-12-20260923-194800,20,h264_nvenc_cavlc,180,180.0,250000.05555555556,52.58,52.435718,0.994662,97.155843
X_other,X_other-12-20260923-194800,30,h264_nvenc_cavlc,180,180.0,250000.05555555556,53.06,52.701643,0.994877,97.147388
X_other,X_other-12-20260923-194800,40,h264_nvenc_cavlc,180,180.0,250000.05555555556,53.24,52.807822,0.994967,97.163118
X_other,X_other-12-20260923-194800,50,h264_nvenc_cavlc,180,180.0,250000.05555555556,49.15,50.466793,0.992367,96.964891
X_other,X_other-12-20260923-194800,60,h264_nvenc_cavlc,180,180.0,250000.05555555556,49.61,50.737583,0.992921,97.018917
X_other,X_other-12-20260923-194800,70,h264_nvenc_cavlc,180,180.0,250000.05555555556,49.57,50.845098,0.993007,96.95147
X_other,X_other-12-20260923-194800,80,h264_nvenc_cavlc,180,180.0,250000.05555555556,49.97,50.916865,0.993274,97.018356
X_other,X_other-12-20260923-194800,0,h264_nvenc_cavlc,300,300.0,416666.73333333334,45.96,46.767979,0.986434,95.527322
X_other,X_other-12-20260923-194800,10,h264_nvenc_cavlc,300,300.0,416666.73333333334,53.2,52.768103,0.994941,97.181102
X_other,X_other-12-20260923-194800,20,h264_nvenc_cavlc,300,300.0,416666.73333333334,53.86,53.152952,0.995277,97.197539
X_other,X_other-12-20260923-194800,30,h264_nvenc_cavlc,300,300.0,416666.73333333334,54.38,53.397738,0.995456,97.214289
X_other,X_other-12-20260923-194800,40,h264_nvenc_cavlc,300,300.0,416666.73333333334,54.38,53.436854,0.995479,97.222903
X_other,X_other-12-20260923-194800,50,h264_nvenc_cavlc,300,300.0,416666.73333333334,51.27,51.77831,0.994046,97.104189
X_other,X_other-12-20260923-194800,60,h264_nvenc_cavlc,300,300.0,416666.73333333334,51.21,51.730602,0.994057,97.078181
X_other,X_other-12-20260923-194800,70,h264_nvenc_cavlc,300,300.0,416666.73333333334,51.24,51.674597,0.99415,97.090324
X_other,X_other-12-20260923-194800,80,h264_nvenc_cavlc,300,300.0,416666.73333333334,51.64,51.978355,0.994356,97.104509
X_other,X_other-12-20260923-194800,0,h264_nvenc_cavlc,432,432.0,600000.0555555555,48.86,49.391162,0.990842,96.412573
X_other,X_other-12-20260923-194800,10,h264_nvenc_cavlc,432,432.0,600000.0555555555,54.46,53.46388,0.9955,97.21404
X_other,X_other-12-20260923-194800,20,h264_nvenc_cavlc,432,432.0,600000.0555555555,55.03,53.774745,0.995764,97.23057
X_other,X_other-12-20260923-194800,30,h264_nvenc_cavlc,432,432.0,600000.0555555555,55.6,54.074551,0.995997,97.252773
X_other,X_other-12-20260923-194800,40,h264_nvenc_cavlc,432,432.0,600000.0555555555,55.54,54.05148,0.995992,97.261551
X_other,X_other-12-20260923-194800,50,h264_nvenc_cavlc,432,432.0,600000.0555555555,52.78,52.572058,0.994782,97.152947
X_other,X_other-12-20260923-194800,60,h264_nvenc_cavlc,432,432.0,600000.0555555555,52.48,52.461421,0.994725,97.120245
X_other,X_other-12-20260923-194800,70,h264_nvenc_cavlc,432,432.0,600000.0555555555,51.98,52.121397,0.994529,97.131988
X_other,X_other-12-20260923-194800,80,h264_nvenc_cavlc,432,432.0,600000.0555555555,52.56,52.533809,0.994791,97.1417
X_other,X_other-12-20260923-194800,0,h264_nvenc_cavlc,600,600.0,833333.4,51.51,51.495899,0.993548,96.909649
X_other,X_other-12-20260923-194800,10,h264_nvenc_cavlc,600,600.0,833333.4,56.74,54.781588,0.996436,97.295001
X_other,X_other-12-20260923-194800,20,h264_nvenc_cavlc,600,600.0,833333.4,57.7,55.415807,0.996755,97.333572
X_other,X_other-12-20260923-194800,30,h264_nvenc_cavlc,600,600.0,833333.4,58.21,55.675188,0.996898,97.341605
X_other,X_other-12-20260923-194800,40,h264_nvenc_cavlc,600,600.0,833333.4,57.98,55.590824,0.996859,97.337688
X_other,X_other-12-20260923-194800,50,h264_nvenc_cavlc,600,600.0,833333.4,54.17,53.395278,0.995393,97.176089
X_other,X_other-12-20260923-194800,60,h264_nvenc_cavlc,600,600.0,833333.4,53.9,53.238796,0.995333,97.168069
X_other,X_other-12-20260923-194800,70,h264_nvenc_cavlc,600,600.0,833333.4,53.43,52.967076,0.99517,97.16928
X_other,X_other-12-20260923-194800,80,h264_nvenc_cavlc,600,600.0,833333.4,53.95,53.205196,0.995311,97.193409
X_other,X_other-13-20260923-194816,0,h264_nvenc_cavlc,180,180.0,250000.05555555556,41.77,42.703109,0.977692,92.762409
X_other,X_other-13-20260923-194816,10,h264_nvenc_cavlc,180,180.0,250000.05555555556,49.77,50.584656,0.992787,97.045779
X_other,X_other-13-20260923-194816,20,h264_nvenc_cavlc,180,180.0,250000.05555555556,50.67,51.509258,0.993838,97.047279
X_other,X_other-13-20260923-194816,30,h264_nvenc_cavlc,180,180.0,250000.05555555556,50.16,51.221305,0.993533,97.039934
X_other,X_other-13-20260923-194816,40,h264_nvenc_cavlc,180,180.0,250000.05555555556,50.19,51.289851,0.993617,97.035208
X_other,X_other-13-20260923-194816,50,h264_nvenc_cavlc,180,180.0,250000.05555555556,51.18,51.818887,0.99409,97.109191
X_other,X_other-13-20260923-194816,60,h264_nvenc_cavlc,180,180.0,250000.05555555556,51.38,51.986759,0.994303,97.06575
X_other,X_other-13-20260923-194816,70,h264_nvenc_cavlc,180,180.0,250000.05555555556,51.38,51.96632,0.994272,97.063029
X_other,X_other-13-20260923-194816,80,h264_nvenc_cavlc,180,180.0,250000.05555555556,51.4,51.957873,0.994253,97.099234
X_other,X_other-13-20260923-194816,0,h264_nvenc_cavlc,300,300.0,416666.73333333334,46.15,46.943062,0.986716,95.561486
X_other,X_other-13-20260923-194816,10,h264_nvenc_cavlc,300,300.0,416666.73333333334,52.54,52.490061,0.994751,97.119736
X_other,X_other-13-20260923-194816,20,h264_nvenc_cavlc,300,300.0,416666.73333333334,51.6,52.020186,0.99436,97.099107
X_other,X_other-13-20260923-194816,30,h264_nvenc_cavlc,300,300.0,416666.73333333334,51.49,52.052027,0.994383,97.097411
X_other,X_other-13-20260923-194816,40,h264_nvenc_cavlc,300,300.0,416666.73333333334,51.89,52.238599,0.994523,97.120717
X_other,X_other-13-20260923-194816,50,h264_nvenc_cavlc,300,300.0,416666.73333333334,52.31,52.435698,0.99468,97.123184
X_other,X_other-13-20260923-194816,60,h264_nvenc_cavlc,300,300.0,416666.73333333334,52.55,52.548682,0.99475,97.121952
X_other,X_other-13-20260923-194816,70,h264_nvenc_cavlc,300,300.0,416666.73333333334,52.63,52.540774,0.994756,97.143035
X_other,X_other-13-20260923-194816,80,h264_nvenc_cavlc,300,300.0,416666.73333333334,52.59,52.569089,0.994747,97.13199
X_other,X_other-13-20260923-194816,0,h264_nvenc_cavlc,432,432.0,600000.0555555555,49.02,49.55656,0.991006,96.456223
X_other,X_other-13-20260923-194816,10,h264_nvenc_cavlc,432,432.0,600000.0555555555,53.45,52.947274,0.995055,97.155137
X_other,X_other-13-20260923-194816,20,h264_nvenc_cavlc,432,432.0,600000.0555555555,52.87,52.679694,0.994886,97.148377
X_other,X_other-13-20260923-194816,30,h264_nvenc_cavlc,432,432.0,600000.0555555555,52.57,52.531213,0.994778,97.139537
X_other,X_other-13-20260923-194816,40,h264_nvenc_cavlc,432,432.0,600000.0555555555,52.68,52.574368,0.994836,97.142392
X_other,X_other-13-20260923-194816,50,h264_nvenc_cavlc,432,432.0,600000.0555555555,53.14,52.814162,0.99501,97.172539
X_other,X_other-13-20260923-194816,60,h264_nvenc_cavlc,432,432.0,600000.0555555555,53.47,52.954596,0.995095,97.154516
X_other,X_other-13-20260923-194816,70,h264_nvenc_cavlc,432,432.0,600000.0555555555,53.43,53.00135,0.995124,97.158672
X_other,X_other-13-20260923-194816,80,h264_nvenc_cavlc,432,432.0,600000.0555555555,53.34,52.936893,0.995042,97.164362
X_other,X_other-13-20260923-194816,0,h264_nvenc_cavlc,600,600.0,833333.4,51.75,51.686405,0.99373,96.938155
X_other,X_other-13-20260923-194816,10,h264_nvenc_cavlc,600,600.0,833333.4,54.98,53.951095,0.995809,97.217102
X_other,X_other-13-20260923-194816,20,h264_nvenc_cavlc,600,600.0,833333.4,54.25,53.501912,0.995502,97.177314
X_other,X_other-13-20260923-194816,30,h264_nvenc_cavlc,600,600.0,833333.4,53.87,53.292508,0.995376,97.174032
X_other,X_other-13-20260923-194816,40,h264_nvenc_cavlc,600,600.0,833333.4,54.4,53.537794,0.995535,97.198193
X_other,X_other-13-20260923-194816,50,h264_nvenc_cavlc,600,600.0,833333.4,54.69,53.74174,0.995676,97.220897
X_other,X_other-13-20260923-194816,60,h264_nvenc_cavlc,600,600.0,833333.4,54.93,53.846382,0.995751,97.222012
X_other,X_other-13-20260923-194816,70,h264_nvenc_cavlc,600,600.0,833333.4,55.11,53.925671,0.995848,97.237523
X_other,X_other-13-20260923-194816,80,h264_nvenc_cavlc,600,600.0,833333.4,55.04,53.933528,0.995837,97.25147
X_other,X_other-14-20260923-194832,0,h264_nvenc_cavlc,180,180.0,250000.05555555556,41.78,42.73208,0.977878,92.770673
X_other,X_other-14-20260923-194832,10,h264_nvenc_cavlc,180,180.0,250000.05555555556,49.01,50.177246,0.992347,96.944932
X_other,X_other-14-20260923-194832,20,h264_nvenc_cavlc,180,180.0,250000.05555555556,50.96,51.621888,0.993905,97.071826
X_other,X_other-14-20260923-194832,30,h264_nvenc_cavlc,180,180.0,250000.05555555556,51.74,52.05842,0.994357,97.10951
X_other,X_other-14-20260923-194832,40,h264_nvenc_cavlc,180,180.0,250000.05555555556,51.16,51.810565,0.994148,97.103165
X_other,X_other-14-20260923-194832,50,h264_nvenc_cavlc,180,180.0,250000.05555555556,51.77,52.178766,0.994438,97.117263
X_other,X_other-14-20260923-194832,60,h264_nvenc_cavlc,180,180.0,250000.05555555556,52.38,52.400531,0.994613,97.136636
X_other,X_other-14-20260923-194832,70,h264_nvenc_cavlc,180,180.0,250000.05555555556,51.45,52.003734,0.994352,97.097134
X_other,X_other-14-20260923-194832,80,h264_nvenc_cavlc,180,180.0,250000.05555555556,52.15,52.321049,0.994563,97.117791
X_other,X_other-14-20260923-194832,0,h264_nvenc_cavlc,300,300.0,416666.73333333334,46.07,46.842011,0.986693,95.546265
X_other,X_other-14-20260923-194832,10,h264_nvenc_cavlc,300,300.0,416666.73333333334,52.95,52.582228,0.994816,97.147573
X_other,X_other-14-20260923-194832,20,h264_nvenc_cavlc,300,300.0,416666.73333333334,52.77,52.607465,0.994813,97.162339
X_other,X_other-14-20260923-194832,30,h264_nvenc_cavlc,300,300.0,416666.73333333334,53.01,52.733752,0.994945,97.165353
X_other,X_other-14-20260923-194832,40,h264_nvenc_cavlc,300,300.0,416666.73333333334,52.18,52.359562,0.994655,97.178426
X_other,X_other-14-20260923-194832,50,h264_nvenc_cavlc,300,300.0,416666.73333333334,52.56,52.612732,0.994801,97.172927
X_other,X_other-14-20260923-194832,60,h264_nvenc_cavlc,300,300.0,416666.73333333334,53.39,52.971847,0.99509,97.181248
X_other,X_other-14-20260923-194832,70,h264_nvenc_cavlc,300,300.0,416666.73333333334,52.89,52.695347,0.9949,97.158541
X_other,X_other-14-20260923-194832,80,h264_nvenc_cavlc,300,300.0,416666.73333333334,53.1,52.843071,0.994967,97.167842
X_other,X_other-14-20260923-194832,0,h264_nvenc_cavlc,432,432.0,600000.0555555555,48.96,49.477087,0.991014,96.437233
X_other,X_other-14-20260923-194832,10,h264_nvenc_cavlc,432,432.0,600000.0555555555,53.84,53.109659,0.995245,97.199968
X_other,X_other-14-20260923-194832,20,h264_nvenc_cavlc,432,432.0,600000.0555555555,53.6,52.974888,0.995123,97.17893
X_other,X_other-14-20260923-194832,30,h264_nvenc_cavlc,432,432.0,600000.0555555555,53.99,53.181532,0.995251,97.198053
X_other,X_other-14-20260923-194832,40,h264_nvenc_cavlc,432,432.0,600000.0555555555,53.09,52.882752,0.995043,97.179386
X_other,X_other-14-20260923-194832,50,h264_nvenc_cavlc,432,432.0,600000.0555555555,53.48,53.067784,0.995205,97.174249
X_other,X_other-14-20260923-194832,60,h264_nvenc_cavlc,432,432.0,600000.0555555555,54.34,53.441704,0.995442,97.21795
X_other,X_other-14-20260923-194832,70,h264_nvenc_cavlc,432,432.0,600000.0555555555,53.73,53.162389,0.995217,97.173723
X_other,X_other-14-20260923-194832,80,h264_nvenc_cavlc,432,432.0,600000.0555555555,53.98,53.252234,0.995282,97.191482
X_other,X_other-14-20260923-194832,0,h264_nvenc_cavlc,600,600.0,833333.4,51.72,51.631505,0.993713,96.950042
X_other,X_other-14-20260923-194832,10,h264_nvenc_cavlc,600,600.0,833333.4,55.56,54.11934,0.995986,97.259219
X_other,X_other-14-20260923-194832,20,h264_nvenc_cavlc,600,600.0,833333.4,55.17,53.883185,0.995814,97.226872
X_other,X_other-14-20260923-194832,30,h264_nvenc_cavlc,600,600.0,833333.4,55.73,54.196638,0.996058,97.262765
X_other,X_other-14-20260923-194832,40,h264_nvenc_cavlc,600,600.0,833333.4,54.74,53.936598,0.995837,97.23452
X_other,X_other-14-20260923-194832,50,h264_nvenc_cavlc,600,600.0,833333.4,55.27,54.127795,0.995956,97.246642
X_other,X_other-14-20260923-194832,60,h264_nvenc_cavlc,600,600.0,833333.4,56.37,54.637233,0.996317,97.28875
X_other,X_other-14-20260923-194832,70,h264_nvenc_cavlc,600,600.0,833333.4,55.33,54.1248,0.995919,97.244517
X_other,X_other-14-20260923-194832,80,h264_nvenc_cavlc,600,600.0,833333.4,55.71,54.272846,0.996082,97.265613
