clip,class,title,frames,requested_frames,path,captured_at,first_timestamp_ns,last_timestamp_ns,mean_consecutive_diff,identical_consecutive_frac,pair_max,mean_stride_diff,temporal_class,accepted,roi,note
X_other-01-20260923-190105,X_other,"dry run, SteamVR Home, unworn",90,90,<workspace>\corpus\X_other\X_other-01-20260923-190105.y4m,2026-09-23T19:01:08,100576122362154,100578192726007,0.0248,0.0000,0.1352,0.0909,STATIC,True,,
X_other-02-20260923-190145,X_other,"dry run, SteamVR Home, unworn",45,45,<workspace>\corpus\X_other\X_other-02-20260923-190145.y4m,2026-09-23T19:01:47,100616181663180,100617170513648,0.0225,0.0000,0.1114,0.1127,STATIC,True,,
X_other-03-20260923-194534,X_other,"SteamVR Home, worn, unscripted natural head motion",90,90,<workspace>\corpus\X_other\X_other-03-20260923-194534.y4m,2026-09-23T19:45:36,103245336870771,103247047996603,0.2229,0.0000,0.5453,0.5326,STATIC,True,,
X_other-04-20260923-194550,X_other,"SteamVR Home, worn, unscripted natural head motion",90,90,<workspace>\corpus\X_other\X_other-04-20260923-194550.y4m,2026-09-23T19:45:52,103261370216858,103263081313472,0.2196,0.0000,0.5015,0.4405,STATIC,True,,
X_other-05-20260923-194606,X_other,"SteamVR Home, worn, unscripted natural head motion",90,90,<workspace>\corpus\X_other\X_other-05-20260923-194606.y4m,2026-09-23T19:46:08,103277296113154,103278981334977,0.2407,0.0000,1.3581,0.7700,STATIC,True,,
X_other-06-20260923-194622,X_other,"SteamVR Home, worn, unscripted natural head motion",90,90,<workspace>\corpus\X_other\X_other-06-20260923-194622.y4m,2026-09-23T19:46:24,103281210939299,103281210939299,0.1568,0.0000,0.1914,0.2061,STATIC,True,,
X_other-07-20260923-194639,X_other,"SteamVR Home, worn, unscripted natural head motion",90,90,<workspace>\corpus\X_other\X_other-07-20260923-194639.y4m,2026-09-23T19:46:41,103310358832933,103311992149235,0.2034,0.0000,0.6780,0.5781,STATIC,True,,
X_other-08-20260923-194655,X_other,"SteamVR Home, worn, unscripted natural head motion",90,90,<workspace>\corpus\X_other\X_other-08-20260923-194655.y4m,2026-09-23T19:46:57,103326399581782,103328014372093,0.2281,0.0000,0.4887,0.5290,STATIC,True,,
X_other-09-20260923-194711,X_other,"SteamVR Home, worn, unscripted natural head motion",90,90,<workspace>\corpus\X_other\X_other-09-20260923-194711.y4m,2026-09-23T19:47:13,103342325454432,103343944000421,0.1927,0.0000,0.8160,0.5195,STATIC,True,,
X_other-10-20260923-194727,X_other,"SteamVR Home, worn, unscripted natural head motion",90,90,<workspace>\corpus\X_other\X_other-10-20260923-194727.y4m,2026-09-23T19:47:29,103358347701665,103359955121665,0.1826,0.0000,0.5650,0.3539,STATIC,True,,
X_other-11-20260923-194744,X_other,"SteamVR Home, worn, unscripted natural head motion",90,90,<workspace>\corpus\X_other\X_other-11-20260923-194744.y4m,2026-09-23T19:47:46,103375421773898,103377055076710,0.1941,0.0000,1.2896,0.5201,STATIC,True,,
X_other-12-20260923-194800,X_other,"SteamVR Home, worn, unscripted natural head motion",90,90,<workspace>\corpus\X_other\X_other-12-20260923-194800.y4m,2026-09-23T19:48:02,103382755143948,103393056403266,0.6610,0.0000,10.4326,3.1501,LOW_MOTION,True,,
X_other-13-20260923-194816,X_other,"SteamVR Home, worn, unscripted natural head motion",90,90,<workspace>\corpus\X_other\X_other-13-20260923-194816.y4m,2026-09-23T19:48:18,103407367496751,103409004586542,0.2569,0.0000,1.0091,0.9784,LOW_MOTION,True,,
X_other-14-20260923-194832,X_other,"SteamVR Home, worn, unscripted natural head motion",90,90,<workspace>\corpus\X_other\X_other-14-20260923-194832.y4m,2026-09-23T19:48:34,103423400816484,103425026902108,0.1985,0.0000,0.5459,0.5666,STATIC,True,,
B_rotation-01-20260923-194946,B_rotation,"SteamVR Home, worn, head turning on request",90,90,<workspace>\corpus\B_rotation\B_rotation-01-20260923-194946.y4m,2026-09-23T19:49:48,103497456604581,103499045624632,0.4526,0.0000,5.4778,1.1311,LOW_MOTION,False,,
B_rotation-02-20260923-194958,B_rotation,"SteamVR Home, worn, head turning on request",90,90,<workspace>\corpus\B_rotation\B_rotation-02-20260923-194958.y4m,2026-09-23T19:50:00,103509445497337,103511045500044,0.2102,0.0000,1.1263,0.6066,STATIC,False,,
B_rotation-03-20260923-195011,B_rotation,"SteamVR Home, worn, head turning on request",90,90,<workspace>\corpus\B_rotation\B_rotation-03-20260923-195011.y4m,2026-09-23T19:50:13,103522419535248,103524008453529,0.9646,0.0000,5.3872,1.8306,LOW_MOTION,False,,
