dataset,source,resolution,pixel_ratio,cap_bytes,cap_kb,mbps_90hz,bits_per_pixel_stereo,is_reference,is_constant_bpp,actual_bytes,fill_pct,encode_s,decode_s,scaled_psnr_y,scaled_psnr_u,scaled_psnr_v,scaled_ssim_y,scaled_ssim_all,scaled_psnr_hvs,scaled_vmaf,full_psnr_y,full_psnr_u,full_psnr_v,full_ssim_y,full_ssim_all,full_psnr_hvs,full_vmaf,error
kodak,kodak_kodim04,1920,0.5625,150000,150.0,108.0,0.1628,0,0,149932,100.0,0.286,0.278,28.27,39.99,32.55,0.7465,0.8468,27.5587,64.1009,28.15,39.99,32.53,0.7275,0.8496,25.874,46.4853,
kodak,kodak_kodim04,1920,0.5625,200000,200.0,144.0,0.217,0,0,199964,100.0,0.272,0.277,28.85,40.11,33.23,0.7749,0.8605,28.7385,68.2791,28.72,40.11,33.2,0.7557,0.8616,26.8896,52.3657,
kodak,kodak_kodim04,1920,0.5625,234375,234.375,168.75,0.2543,0,1,234352,100.0,0.293,0.284,29.05,40.11,33.87,0.7874,0.8675,29.392,73.4451,28.91,40.11,33.83,0.7661,0.867,27.3223,57.8271,
kodak,kodak_kodim04,1920,0.5625,250000,250.0,180.0,0.2713,0,0,249984,100.0,0.285,0.282,29.26,41.11,33.89,0.7929,0.87,29.7257,75.8973,29.12,41.11,33.86,0.7718,0.8693,27.6341,60.2726,
kodak,kodak_kodim04,1920,0.5625,300000,300.0,216.0,0.3255,0,0,299972,100.0,0.273,0.281,29.68,41.11,34.04,0.8124,0.8784,30.777,78.4312,29.52,41.11,34.01,0.7918,0.8774,28.4887,64.5858,
kodak,kodak_kodim04,1920,0.5625,350000,350.0,252.0,0.3798,0,0,349996,100.0,0.271,0.277,30.08,41.93,34.61,0.8267,0.8861,31.8388,81.0807,29.91,41.92,34.57,0.8067,0.8843,29.3481,68.5901,
kodak,kodak_kodim04,1920,0.5625,400000,400.0,288.0,0.434,0,0,399968,100.0,0.278,0.275,30.42,42.08,35.44,0.8386,0.8959,32.8522,82.4874,30.24,42.06,35.39,0.8193,0.8931,30.149,71.0073,
kodak,kodak_kodim04,1920,0.5625,416667,416.667,300.0,0.4521,1,0,416608,100.0,0.286,0.279,30.48,42.08,35.91,0.8415,0.9005,33.1447,82.6556,30.29,42.06,35.86,0.8224,0.8972,30.3558,71.3394,
kodak,kodak_kodim04,1920,0.5625,450000,450.0,324.0,0.4883,0,0,449984,100.0,0.289,0.281,30.62,42.2,36.3,0.8471,0.9048,33.5462,84.0915,30.43,42.18,36.24,0.8278,0.9009,30.6687,72.924,
kodak,kodak_kodim04,1920,0.5625,500000,500.0,360.0,0.5425,0,0,499964,100.0,0.279,0.275,30.78,42.2,36.81,0.8537,0.9106,34.2132,84.4774,30.58,42.18,36.74,0.8348,0.9064,31.1409,73.6205,
kodak,kodak_kodim04,1920,0.5625,550000,550.0,396.0,0.5968,0,0,549968,100.0,0.273,0.276,30.84,42.64,37.26,0.8577,0.9149,34.7187,86.0733,30.64,42.61,37.18,0.8384,0.9098,31.4036,75.9309,
kodak,kodak_kodim04,2048,0.64,150000,150.0,108.0,0.1431,0,0,149992,100.0,0.3,0.283,28.36,40.07,32.57,0.746,0.8486,27.0953,63.9037,28.19,40.07,32.56,0.7297,0.8502,25.9201,47.4591,
kodak,kodak_kodim04,2048,0.64,200000,200.0,144.0,0.1907,0,0,199944,100.0,0.286,0.277,29.08,40.2,33.14,0.7761,0.8617,28.529,69.3212,28.9,40.22,33.13,0.7592,0.8623,27.1601,55.4127,
kodak,kodak_kodim04,2048,0.64,250000,250.0,180.0,0.2384,0,0,249992,100.0,0.286,0.279,29.39,40.77,33.9,0.7911,0.8715,29.2995,75.485,29.19,40.78,33.88,0.7731,0.8704,27.776,61.2816,
kodak,kodak_kodim04,2048,0.64,266667,266.667,192.0,0.2543,0,1,266572,100.0,0.288,0.282,29.56,40.77,33.9,0.7981,0.8738,29.6137,76.2748,29.36,40.78,33.88,0.7804,0.8728,28.0707,62.5598,
kodak,kodak_kodim04,2048,0.64,300000,300.0,216.0,0.2861,0,0,299996,100.0,0.271,0.287,29.85,40.77,34.23,0.8101,0.8811,30.291,77.3542,29.64,40.78,34.21,0.7933,0.88,28.6801,64.4113,
kodak,kodak_kodim04,2048,0.64,350000,350.0,252.0,0.3338,0,0,350000,100.0,0.274,0.28,30.17,41.7,34.76,0.8233,0.8879,31.0918,80.4256,29.95,41.69,34.73,0.8061,0.8859,29.3423,68.8528,
kodak,kodak_kodim04,2048,0.64,400000,400.0,288.0,0.3815,0,0,399948,100.0,0.272,0.277,30.49,41.7,35.35,0.8375,0.8968,32.0525,81.6415,30.25,41.7,35.31,0.8213,0.8944,30.1504,71.0062,
kodak,kodak_kodim04,2048,0.64,416667,416.667,300.0,0.3974,1,0,416664,100.0,0.269,0.282,30.63,42.09,35.56,0.8406,0.8987,32.2989,82.1979,30.39,42.07,35.52,0.8245,0.8962,30.4024,71.8557,
kodak,kodak_kodim04,2048,0.64,450000,450.0,324.0,0.4292,0,0,449920,100.0,0.282,0.281,30.87,42.09,35.78,0.8493,0.9032,33.1007,82.9226,30.62,42.07,35.74,0.8339,0.9007,31.04,73.0658,
kodak,kodak_kodim04,2048,0.64,500000,500.0,360.0,0.4768,0,0,499988,100.0,0.294,0.274,31.05,42.2,36.42,0.8554,0.9088,33.6402,84.3264,30.79,42.18,36.36,0.84,0.9057,31.4921,74.9317,
kodak,kodak_kodim04,2048,0.64,550000,550.0,396.0,0.5245,0,0,549936,100.0,0.288,0.275,31.18,42.2,36.68,0.8619,0.9128,34.1412,84.6172,30.92,42.18,36.62,0.8469,0.9096,31.8661,75.4333,
kodak,kodak_kodim04,2176,0.7225,150000,150.0,108.0,0.1267,0,0,149996,100.0,0.313,0.277,28.21,40.29,32.22,0.7429,0.8485,26.6662,57.1051,28.02,40.29,32.21,0.7282,0.849,25.6636,44.1439,
kodak,kodak_kodim04,2176,0.7225,200000,200.0,144.0,0.169,0,0,200000,100.0,0.326,0.278,28.92,40.41,33.2,0.7712,0.8623,28.0522,65.9926,28.72,40.41,33.19,0.7555,0.8615,26.8839,53.61,
kodak,kodak_kodim04,2176,0.7225,250000,250.0,180.0,0.2112,0,0,249916,100.0,0.3,0.283,29.43,40.41,33.41,0.7919,0.8718,29.0816,69.6152,29.22,40.41,33.39,0.7761,0.8706,27.7965,58.7106,
kodak,kodak_kodim04,2176,0.7225,300000,300.0,216.0,0.2534,0,0,299980,100.0,0.293,0.279,29.76,40.93,34.23,0.8042,0.8797,29.807,75.68,29.53,40.93,34.21,0.7883,0.8776,28.4099,64.1052,
kodak,kodak_kodim04,2176,0.7225,301042,301.042,216.75,0.2543,0,1,300988,100.0,0.288,0.277,29.77,40.93,34.23,0.8045,0.8799,29.8354,75.7936,29.54,40.93,34.21,0.7887,0.8777,28.436,64.3051,
kodak,kodak_kodim04,2176,0.7225,350000,350.0,252.0,0.2957,0,0,349932,100.0,0.284,0.283,30.14,40.93,34.53,0.8205,0.8881,30.7373,77.5127,29.9,40.93,34.5,0.805,0.8858,29.2241,67.0363,
kodak,kodak_kodim04,2176,0.7225,400000,400.0,288.0,0.3379,0,0,399900,100.0,0.285,0.283,30.46,41.8,35.05,0.8323,0.8945,31.5324,80.2728,30.2,41.78,35.02,0.817,0.8917,29.8912,70.6664,
kodak,kodak_kodim04,2176,0.7225,416667,416.667,300.0,0.352,1,0,416584,100.0,0.281,0.283,30.58,41.8,35.05,0.8374,0.8961,31.8281,80.6044,30.32,41.78,35.02,0.8224,0.8935,30.1538,71.2006,
kodak,kodak_kodim04,2176,0.7225,450000,450.0,324.0,0.3801,0,0,449984,100.0,0.282,0.282,30.75,42.25,35.77,0.8436,0.9022,32.39,81.2835,30.47,42.22,35.73,0.8289,0.899,30.6124,72.2245,
kodak,kodak_kodim04,2176,0.7225,500000,500.0,360.0,0.4224,0,0,499960,100.0,0.29,0.281,31.06,42.25,36.09,0.8546,0.9081,33.1984,82.2364,30.77,42.22,36.05,0.8404,0.9048,31.3197,73.6776,
kodak,kodak_kodim04,2176,0.7225,550000,550.0,396.0,0.4646,0,0,549972,100.0,0.287,0.281,31.23,42.35,36.72,0.86,0.9127,33.6809,83.7164,30.93,42.32,36.66,0.8458,0.9091,31.7051,75.4132,
kodak,kodak_kodim04,2304,0.81,150000,150.0,108.0,0.113,0,0,149988,100.0,0.299,0.282,28.22,40.56,32.43,0.7359,0.8487,26.2306,55.9799,28.05,40.56,32.42,0.725,0.8485,25.6274,45.0719,
kodak,kodak_kodim04,2304,0.81,200000,200.0,144.0,0.1507,0,0,199996,100.0,0.288,0.283,29.02,40.56,32.81,0.768,0.8607,27.6078,65.415,28.85,40.57,32.81,0.7565,0.8601,26.9491,55.3022,
kodak,kodak_kodim04,2304,0.81,250000,250.0,180.0,0.1884,0,0,249972,100.0,0.284,0.28,29.65,40.56,33.69,0.7886,0.8727,28.6958,69.7495,29.47,40.57,33.68,0.7776,0.8715,28.0228,60.3625,
kodak,kodak_kodim04,2304,0.81,300000,300.0,216.0,0.2261,0,0,299968,100.0,0.279,0.281,29.88,40.88,34.39,0.8011,0.88,29.3226,75.5511,29.69,40.89,34.38,0.7892,0.878,28.569,66.1007,
kodak,kodak_kodim04,2304,0.81,337500,337.5,243.0,0.2543,0,1,337400,100.0,0.287,0.283,30.33,40.88,34.39,0.8146,0.8846,30.0116,77.7101,30.14,40.89,34.38,0.8036,0.8829,29.305,68.7469,
kodak,kodak_kodim04,2304,0.81,350000,350.0,252.0,0.2637,0,0,349892,100.0,0.275,0.28,30.5,40.88,34.39,0.8192,0.8861,30.3326,78.4594,30.31,40.9,34.38,0.8085,0.8845,29.6436,69.8946,
kodak,kodak_kodim04,2304,0.81,400000,400.0,288.0,0.3014,0,0,399948,100.0,0.274,0.279,30.72,41.76,35.17,0.8302,0.8948,31.0926,80.5602,30.52,41.76,35.14,0.8192,0.8925,30.3149,72.7325,
kodak,kodak_kodim04,2304,0.81,416667,416.667,300.0,0.314,1,0,416656,100.0,0.288,0.286,30.89,41.76,35.17,0.8341,0.8961,31.301,81.2341,30.69,41.76,35.15,0.8233,0.8939,30.5323,73.6494,
kodak,kodak_kodim04,2304,0.81,450000,450.0,324.0,0.3391,0,0,449928,100.0,0.29,0.288,31.16,41.76,35.17,0.8437,0.8993,31.8768,82.0755,30.95,41.76,35.15,0.8334,0.8972,31.1289,74.7932,
kodak,kodak_kodim04,2304,0.81,500000,500.0,360.0,0.3768,0,0,499984,100.0,0.29,0.281,31.48,42.42,35.97,0.8535,0.9074,32.7829,83.3816,31.27,42.41,35.93,0.8435,0.9049,32.031,76.58,
kodak,kodak_kodim04,2304,0.81,550000,550.0,396.0,0.4144,0,0,549948,100.0,0.287,0.282,31.78,42.42,36.22,0.8639,0.9127,33.593,84.0612,31.55,42.42,36.18,0.8543,0.9102,32.814,77.5427,
kodak,kodak_kodim04,2432,0.9025,150000,150.0,108.0,0.1014,0,0,149944,100.0,0.293,0.285,28.05,40.56,32.5,0.7328,0.85,25.9821,50.3111,27.87,40.55,32.5,0.7239,0.8486,25.4213,41.927,
kodak,kodak_kodim04,2432,0.9025,200000,200.0,144.0,0.1353,0,0,199996,100.0,0.288,0.282,28.86,40.67,32.84,0.7632,0.8613,27.2715,62.3941,28.65,40.67,32.83,0.754,0.8596,26.7057,53.4047,
kodak,kodak_kodim04,2432,0.9025,250000,250.0,180.0,0.1691,0,0,249936,100.0,0.291,0.283,29.6,40.67,33.38,0.7871,0.8715,28.5087,68.496,29.39,40.67,33.37,0.7779,0.8697,27.9407,60.353,
kodak,kodak_kodim04,2432,0.9025,300000,300.0,216.0,0.2029,0,0,299976,100.0,0.297,0.283,30.1,40.67,33.48,0.8047,0.8787,29.3996,71.2575,29.9,40.68,33.47,0.7955,0.8768,28.8637,64.083,
kodak,kodak_kodim04,2432,0.9025,350000,350.0,252.0,0.2367,0,0,349992,100.0,0.283,0.285,30.39,41.12,34.42,0.8144,0.886,30.0626,76.9666,30.17,41.12,34.4,0.8052,0.8837,29.4658,69.5053,
kodak,kodak_kodim04,2432,0.9025,376042,376.042,270.75,0.2543,0,1,376032,100.0,0.291,0.284,30.66,41.12,34.42,0.8226,0.8888,30.5419,77.8391,30.44,41.12,34.4,0.8138,0.8865,29.9631,70.6452,
kodak,kodak_kodim04,2432,0.9025,400000,400.0,288.0,0.2705,0,0,399944,100.0,0.274,0.287,30.84,41.12,34.73,0.8284,0.8936,30.9213,78.427,30.62,41.13,34.71,0.8198,0.8913,30.3748,71.4761,
kodak,kodak_kodim04,2432,0.9025,416667,416.667,300.0,0.2818,1,0,416656,100.0,0.282,0.288,30.92,41.12,34.73,0.833,0.8952,31.1563,79.0375,30.71,41.13,34.71,0.8242,0.8928,30.592,72.3502,
kodak,kodak_kodim04,2432,0.9025,450000,450.0,324.0,0.3043,0,0,449944,100.0,0.293,0.293,31.06,41.87,35.41,0.8378,0.8996,31.5841,81.0699,30.83,41.87,35.38,0.8289,0.897,30.9742,74.4909,
kodak,kodak_kodim04,2432,0.9025,500000,500.0,360.0,0.3381,0,0,499932,100.0,0.291,0.284,31.43,41.87,35.41,0.8499,0.9036,32.2627,82.1663,31.19,41.87,35.38,0.8414,0.9012,31.6349,76.0303,
kodak,kodak_kodim04,2432,0.9025,550000,550.0,396.0,0.372,0,0,549984,100.0,0.289,0.282,31.67,42.45,36.26,0.858,0.9112,33.0062,83.1983,31.42,42.44,36.22,0.8494,0.9085,32.3463,77.3804,
kodak,kodak_kodim04,2560,1.0,150000,150.0,108.0,0.0916,0,0,149960,100.0,0.299,0.286,28.11,41.03,32.84,0.726,0.8505,25.8686,45.6441,28.11,41.06,32.85,0.7261,0.8506,25.8736,45.4492,
kodak,kodak_kodim04,2560,1.0,200000,200.0,144.0,0.1221,0,0,199936,100.0,0.294,0.282,28.72,41.03,33.04,0.7555,0.8612,26.9568,56.2958,28.73,41.06,33.05,0.7555,0.8612,26.9616,56.1183,
kodak,kodak_kodim04,2560,1.0,250000,250.0,180.0,0.1526,0,0,249952,100.0,0.289,0.287,29.31,41.03,33.29,0.7781,0.8692,27.9242,64.4772,29.32,41.06,33.3,0.7781,0.8692,27.9284,64.2816,
kodak,kodak_kodim04,2560,1.0,300000,300.0,216.0,0.1831,0,0,299928,100.0,0.287,0.283,29.92,41.09,33.84,0.795,0.8774,28.883,69.1438,29.92,41.13,33.85,0.795,0.8775,28.8866,68.8502,
kodak,kodak_kodim04,2560,1.0,350000,350.0,252.0,0.2136,0,0,349912,100.0,0.289,0.284,30.15,41.09,34.94,0.807,0.8869,29.5581,71.2969,30.16,41.13,34.94,0.807,0.8869,29.5605,70.9705,
kodak,kodak_kodim04,2560,1.0,400000,400.0,288.0,0.2441,0,0,399944,100.0,0.294,0.283,30.42,41.85,35.04,0.8169,0.8908,30.0237,75.8516,30.43,41.88,35.04,0.817,0.8908,30.025,75.5074,
kodak,kodak_kodim04,2560,1.0,416667,416.667,300.0,0.2543,1,1,416544,100.0,0.288,0.286,30.55,41.85,35.04,0.8219,0.8924,30.2479,76.1636,30.56,41.89,35.04,0.8219,0.8924,30.249,75.8257,
kodak,kodak_kodim04,2560,1.0,450000,450.0,324.0,0.2747,0,0,449920,100.0,0.29,0.282,30.75,41.85,35.44,0.829,0.8983,30.6694,76.9069,30.75,41.89,35.44,0.829,0.8984,30.6702,76.5392,
kodak,kodak_kodim04,2560,1.0,500000,500.0,360.0,0.3052,0,0,499936,100.0,0.292,0.284,30.93,42.98,36.24,0.8366,0.9042,31.2115,79.4606,30.94,43.02,36.24,0.8366,0.9043,31.2118,79.1024,
kodak,kodak_kodim04,2560,1.0,550000,550.0,396.0,0.3357,0,0,549976,100.0,0.295,0.289,31.26,42.98,36.24,0.8487,0.9082,31.8947,80.315,31.27,43.02,36.24,0.8487,0.9083,31.8946,79.9794,
kodak,kodak_kodim07,1920,0.5625,150000,150.0,108.0,0.1628,0,0,149936,100.0,0.294,0.282,25.9,33.73,33.03,0.7695,0.8531,24.1056,53.2053,25.83,33.77,33.03,0.7462,0.8579,22.7225,35.5338,
kodak,kodak_kodim07,1920,0.5625,200000,200.0,144.0,0.217,0,0,199900,100.0,0.273,0.283,26.66,34.23,33.9,0.805,0.8666,25.4446,63.9066,26.58,34.28,33.9,0.7807,0.8704,23.8622,46.0784,
kodak,kodak_kodim07,1920,0.5625,234375,234.375,168.75,0.2543,0,1,234356,100.0,0.291,0.282,27.33,34.23,33.9,0.8295,0.8747,26.5762,67.2557,27.23,34.29,33.9,0.8069,0.8792,24.9052,51.182,
kodak,kodak_kodim07,1920,0.5625,250000,250.0,180.0,0.2713,0,0,249968,100.0,0.28,0.287,27.55,34.42,34.75,0.8391,0.8797,27.083,69.4931,27.45,34.48,34.74,0.8159,0.8834,25.2901,54.0251,
kodak,kodak_kodim07,1920,0.5625,300000,300.0,216.0,0.3255,0,0,299940,100.0,0.27,0.278,28.31,34.92,35.57,0.861,0.8905,28.6362,72.935,28.19,34.99,35.57,0.8397,0.8936,26.6483,59.5637,
kodak,kodak_kodim07,1920,0.5625,350000,350.0,252.0,0.3798,0,0,350000,100.0,0.275,0.277,28.79,35.89,36.3,0.8773,0.9012,30.1943,78.0796,28.66,35.96,36.3,0.8561,0.9024,27.8042,65.9952,
kodak,kodak_kodim07,1920,0.5625,400000,400.0,288.0,0.434,0,0,399956,100.0,0.284,0.284,29.26,35.9,36.3,0.8887,0.905,31.0741,79.7018,29.11,35.97,36.3,0.8693,0.9069,28.6586,68.4795,
kodak,kodak_kodim07,1920,0.5625,416667,416.667,300.0,0.4521,1,0,416652,100.0,0.282,0.281,29.35,35.9,36.34,0.8941,0.9069,31.4119,80.6646,29.19,35.97,36.34,0.8744,0.9087,28.8712,70.3868,
kodak,kodak_kodim07,1920,0.5625,450000,450.0,324.0,0.4883,0,0,449916,100.0,0.27,0.276,29.55,36.74,37.04,0.8984,0.9128,31.9622,82.952,29.39,36.8,37.03,0.879,0.913,29.3139,72.5729,
kodak,kodak_kodim07,1920,0.5625,500000,500.0,360.0,0.5425,0,0,499972,100.0,0.269,0.277,29.8,37.18,37.67,0.9066,0.9185,32.8738,83.8066,29.63,37.24,37.65,0.8887,0.9183,30.0223,74.2599,
kodak,kodak_kodim07,1920,0.5625,550000,550.0,396.0,0.5968,0,0,549980,100.0,0.297,0.277,30.02,37.83,38.59,0.9126,0.9252,33.6406,84.5155,29.84,37.89,38.56,0.8955,0.9241,30.6128,75.6459,
kodak,kodak_kodim07,2048,0.64,150000,150.0,108.0,0.1431,0,0,149992,100.0,0.291,0.279,25.76,33.73,33.99,0.7614,0.854,23.5971,47.6165,25.66,33.77,33.99,0.7446,0.8577,22.4634,32.7986,
kodak,kodak_kodim07,2048,0.64,200000,200.0,144.0,0.1907,0,0,199880,99.9,0.29,0.283,26.56,33.74,34.03,0.8006,0.8672,24.9318,59.1448,26.45,33.79,34.03,0.7821,0.8703,23.6086,44.5738,
kodak,kodak_kodim07,2048,0.64,250000,250.0,180.0,0.2384,0,0,249968,100.0,0.284,0.28,27.51,34.32,34.35,0.8293,0.8783,26.5852,66.3513,27.38,34.38,34.36,0.8127,0.8817,25.0814,52.668,
kodak,kodak_kodim07,2048,0.64,266667,266.667,192.0,0.2543,0,1,266612,100.0,0.275,0.287,27.72,34.57,34.89,0.8392,0.8831,27.0544,68.6123,27.58,34.63,34.89,0.8216,0.8857,25.4391,55.5169,
kodak,kodak_kodim07,2048,0.64,300000,300.0,216.0,0.2861,0,0,299988,100.0,0.275,0.276,28.33,34.57,34.89,0.8551,0.8884,28.2351,70.9687,28.18,34.64,34.89,0.8389,0.8916,26.5056,59.1822,
kodak,kodak_kodim07,2048,0.64,350000,350.0,252.0,0.3338,0,0,349976,100.0,0.274,0.284,29.0,35.08,35.74,0.8746,0.8983,29.8552,73.9345,28.84,35.15,35.73,0.8595,0.9008,27.8391,63.8195,
kodak,kodak_kodim07,2048,0.64,400000,400.0,288.0,0.3815,0,0,399920,100.0,0.274,0.282,29.35,35.81,36.58,0.8845,0.9058,30.7115,78.3245,29.17,35.9,36.57,0.8695,0.9072,28.4869,68.6708,
kodak,kodak_kodim07,2048,0.64,416667,416.667,300.0,0.3974,1,0,416540,100.0,0.291,0.28,29.49,35.81,36.58,0.8878,0.9069,31.0572,78.7551,29.31,35.9,36.57,0.8733,0.9085,28.7967,69.3423,
kodak,kodak_kodim07,2048,0.64,450000,450.0,324.0,0.4292,0,0,449996,100.0,0.289,0.282,29.66,35.81,36.77,0.8951,0.9097,31.6154,79.9656,29.47,35.9,36.76,0.8809,0.9112,29.1971,71.4201,
kodak,kodak_kodim07,2048,0.64,500000,500.0,360.0,0.4768,0,0,499924,100.0,0.29,0.28,29.98,36.49,37.4,0.9019,0.9153,32.3767,82.9744,29.78,36.57,37.39,0.8881,0.916,29.8122,74.3407,
kodak,kodak_kodim07,2048,0.64,550000,550.0,396.0,0.5245,0,0,549992,100.0,0.283,0.29,30.26,37.07,37.94,0.9094,0.9209,33.4041,83.9407,30.05,37.14,37.92,0.8964,0.9211,30.5669,75.9783,
kodak,kodak_kodim07,2176,0.7225,150000,150.0,108.0,0.1267,0,0,150000,100.0,0.294,0.284,25.85,33.33,32.79,0.7642,0.8559,23.3492,42.6359,25.75,33.37,32.8,0.7503,0.8585,22.5371,32.245,
kodak,kodak_kodim07,2176,0.7225,200000,200.0,144.0,0.169,0,0,199888,99.9,0.289,0.279,26.66,33.74,33.76,0.7961,0.8682,24.6751,53.9914,26.54,33.78,33.77,0.7822,0.8704,23.7496,42.6614,
kodak,kodak_kodim07,2176,0.7225,250000,250.0,180.0,0.2112,0,0,249948,100.0,0.281,0.283,27.46,34.22,34.63,0.8254,0.8796,26.1904,63.0969,27.32,34.27,34.64,0.8115,0.8814,25.1104,51.8584,
kodak,kodak_kodim07,2176,0.7225,300000,300.0,216.0,0.2534,0,0,299908,100.0,0.287,0.286,28.21,34.59,35.13,0.8492,0.8891,27.5411,68.9203,28.06,34.65,35.13,0.8358,0.8908,26.3342,59.046,
kodak,kodak_kodim07,2176,0.7225,301042,301.042,216.75,0.2543,0,1,300952,100.0,0.285,0.286,28.23,34.59,35.13,0.8496,0.8893,27.571,69.0254,28.07,34.65,35.13,0.8363,0.891,26.3623,59.2048,
kodak,kodak_kodim07,2176,0.7225,350000,350.0,252.0,0.2957,0,0,349968,100.0,0.298,0.283,28.83,35.2,36.02,0.8675,0.8986,28.8245,72.4357,28.65,35.26,36.02,0.8549,0.8999,27.5087,63.8003,
kodak,kodak_kodim07,2176,0.7225,400000,400.0,288.0,0.3379,0,0,399976,100.0,0.289,0.29,29.35,35.2,36.02,0.8838,0.9041,30.0729,75.0075,29.15,35.27,36.02,0.8719,0.9056,28.591,67.8271,
kodak,kodak_kodim07,2176,0.7225,416667,416.667,300.0,0.352,1,0,416584,100.0,0.273,0.285,29.38,35.97,36.79,0.8851,0.9084,30.3378,76.9612,29.18,36.03,36.79,0.8729,0.9089,28.7749,69.4757,
kodak,kodak_kodim07,2176,0.7225,450000,450.0,324.0,0.3801,0,0,449976,100.0,0.283,0.289,29.73,35.98,36.79,0.8917,0.9106,31.0356,78.6121,29.52,36.06,36.79,0.8801,0.9114,29.4322,71.1963,
kodak,kodak_kodim07,2176,0.7225,500000,500.0,360.0,0.4224,0,0,499916,100.0,0.274,0.281,29.95,36.58,37.18,0.9003,0.9164,31.8187,80.1793,29.74,36.65,37.17,0.8891,0.9166,30.0487,73.525,
kodak,kodak_kodim07,2176,0.7225,550000,550.0,396.0,0.4646,0,0,549984,100.0,0.277,0.285,30.35,36.73,37.47,0.9077,0.9195,32.5922,83.0691,30.13,36.81,37.46,0.897,0.9198,30.75,76.3547,
kodak,kodak_kodim07,2304,0.81,150000,150.0,108.0,0.113,0,0,149920,99.9,0.284,0.297,25.93,33.38,33.26,0.7611,0.8578,23.1247,41.9474,25.82,33.42,33.27,0.7509,0.859,22.7457,33.7992,
kodak,kodak_kodim07,2304,0.81,200000,200.0,144.0,0.1507,0,0,199884,99.9,0.285,0.284,26.75,33.85,34.31,0.7942,0.8706,24.3992,52.5344,26.63,33.9,34.31,0.7841,0.8715,23.9967,43.6233,
kodak,kodak_kodim07,2304,0.81,250000,250.0,180.0,0.1884,0,0,249996,100.0,0.289,0.282,27.27,34.41,34.9,0.8181,0.8801,25.2833,61.3394,27.14,34.46,34.9,0.8077,0.8808,24.8164,52.0577,
kodak,kodak_kodim07,2304,0.81,300000,300.0,216.0,0.2261,0,0,299984,100.0,0.286,0.282,28.18,34.43,35.43,0.8453,0.89,26.7573,68.0764,28.05,34.49,35.43,0.8355,0.8908,26.301,59.8918,
kodak,kodak_kodim07,2304,0.81,337500,337.5,243.0,0.2543,0,1,337500,100.0,0.288,0.283,28.77,34.76,35.43,0.8585,0.895,27.694,70.4384,28.64,34.84,35.43,0.8496,0.8962,27.2651,62.7584,
kodak,kodak_kodim07,2304,0.81,350000,350.0,252.0,0.2637,0,0,349992,100.0,0.286,0.282,28.94,34.76,35.43,0.8623,0.8963,27.9513,71.3759,28.8,34.85,35.43,0.8538,0.8976,27.5394,64.0072,
kodak,kodak_kodim07,2304,0.81,400000,400.0,288.0,0.3014,0,0,399984,100.0,0.281,0.282,29.66,35.32,36.13,0.8792,0.9047,29.3967,74.4736,29.53,35.41,36.12,0.8712,0.9057,28.9716,67.8784,
kodak,kodak_kodim07,2304,0.81,416667,416.667,300.0,0.314,1,0,416632,100.0,0.303,0.284,29.77,35.32,36.13,0.8835,0.9061,29.6355,75.0643,29.64,35.41,36.12,0.8755,0.9072,29.2102,68.6514,
kodak,kodak_kodim07,2304,0.81,450000,450.0,324.0,0.3391,0,0,449932,100.0,0.279,0.282,29.92,35.98,36.87,0.8906,0.912,30.1816,78.3542,29.77,36.07,36.86,0.8822,0.9124,29.7099,72.2265,
kodak,kodak_kodim07,2304,0.81,500000,500.0,360.0,0.3768,0,0,499944,100.0,0.284,0.283,30.33,36.16,36.94,0.8982,0.915,30.9555,80.1854,30.18,36.26,36.93,0.8904,0.9155,30.397,74.1537,
kodak,kodak_kodim07,2304,0.81,550000,550.0,396.0,0.4144,0,0,549908,100.0,0.285,0.286,30.52,36.96,37.72,0.9057,0.9214,31.6946,82.9939,30.37,37.06,37.71,0.8978,0.9212,31.0687,77.2284,
kodak,kodak_kodim07,2432,0.9025,150000,150.0,108.0,0.1014,0,0,149968,100.0,0.3,0.285,25.92,33.28,32.7,0.76,0.8593,23.0721,38.2221,25.81,33.32,32.71,0.7528,0.8591,22.7129,33.4376,
kodak,kodak_kodim07,2432,0.9025,200000,200.0,144.0,0.1353,0,0,199944,100.0,0.29,0.284,26.67,34.0,34.13,0.7912,0.872,24.2755,48.7364,26.55,34.05,34.13,0.7842,0.8717,23.8644,42.9204,
kodak,kodak_kodim07,2432,0.9025,250000,250.0,180.0,0.1691,0,0,249928,100.0,0.277,0.288,27.34,34.0,34.13,0.8185,0.881,25.3224,57.6083,27.2,34.05,34.14,0.8117,0.8809,24.8625,51.5336,
kodak,kodak_kodim07,2432,0.9025,300000,300.0,216.0,0.2029,0,0,299968,100.0,0.289,0.285,28.07,34.59,34.72,0.8373,0.8888,26.4199,64.6966,27.92,34.66,34.72,0.831,0.8887,25.9444,58.2539,
kodak,kodak_kodim07,2432,0.9025,350000,350.0,252.0,0.2367,0,0,349988,100.0,0.289,0.287,28.72,35.01,35.32,0.8579,0.8972,27.581,69.3543,28.55,35.09,35.32,0.8518,0.8971,27.0341,63.7028,
kodak,kodak_kodim07,2432,0.9025,376042,376.042,270.75,0.2543,0,1,376024,100.0,0.289,0.284,29.15,35.01,35.32,0.8668,0.9001,28.2877,71.1526,28.99,35.1,35.32,0.861,0.9002,27.8258,65.6394,
kodak,kodak_kodim07,2432,0.9025,400000,400.0,288.0,0.2705,0,0,399928,100.0,0.293,0.287,29.38,35.54,35.92,0.874,0.905,28.8263,72.8442,29.22,35.63,35.92,0.8682,0.9049,28.3244,67.5794,
kodak,kodak_kodim07,2432,0.9025,416667,416.667,300.0,0.2818,1,0,416636,100.0,0.288,0.285,29.72,35.54,35.92,0.8798,0.9069,29.412,73.8614,29.56,35.64,35.92,0.8742,0.9069,28.9858,68.7427,
kodak,kodak_kodim07,2432,0.9025,450000,450.0,324.0,0.3043,0,0,449944,100.0,0.293,0.281,29.99,35.54,35.92,0.8875,0.9095,29.9563,75.0736,29.82,35.64,35.92,0.8823,0.9096,29.5132,70.3292,
kodak,kodak_kodim07,2432,0.9025,500000,500.0,360.0,0.3381,0,0,499932,100.0,0.292,0.284,30.32,36.38,36.94,0.8957,0.9164,30.7075,79.1545,30.14,36.47,36.94,0.8902,0.9161,30.1951,74.3831,
kodak,kodak_kodim07,2432,0.9025,550000,550.0,396.0,0.372,0,0,549876,100.0,0.288,0.28,30.66,36.4,36.94,0.9038,0.9192,31.4751,80.2664,30.48,36.49,36.94,0.8987,0.919,30.9606,75.7474,
kodak,kodak_kodim07,2560,1.0,150000,150.0,108.0,0.0916,0,0,149956,100.0,0.318,0.294,25.89,33.59,32.77,0.7535,0.86,22.872,36.0049,25.89,33.66,32.77,0.7535,0.8602,22.8774,35.9822,
kodak,kodak_kodim07,2560,1.0,200000,200.0,144.0,0.1221,0,0,199952,100.0,0.288,0.285,26.69,34.67,34.81,0.7899,0.8759,24.2389,47.2466,26.69,34.73,34.81,0.79,0.8761,24.2442,47.1856,
kodak,kodak_kodim07,2560,1.0,250000,250.0,180.0,0.1526,0,0,249916,100.0,0.298,0.281,27.28,34.67,34.81,0.8135,0.8837,25.1391,53.6661,27.28,34.74,34.81,0.8135,0.8839,25.1455,53.6002,
kodak,kodak_kodim07,2560,1.0,300000,300.0,216.0,0.1831,0,0,299940,100.0,0.29,0.288,27.89,35.07,35.12,0.8323,0.891,26.0769,62.8813,27.89,35.14,35.12,0.8323,0.8913,26.0835,62.771,
kodak,kodak_kodim07,2560,1.0,350000,350.0,252.0,0.2136,0,0,349976,100.0,0.287,0.282,28.44,35.54,35.78,0.8501,0.8984,27.0006,68.3023,28.44,35.61,35.79,0.8501,0.8987,27.0087,68.1884,
kodak,kodak_kodim07,2560,1.0,400000,400.0,288.0,0.2441,0,0,399912,100.0,0.293,0.282,29.09,35.54,35.78,0.8647,0.9033,27.9838,71.1055,29.1,35.63,35.79,0.8648,0.9037,27.9941,70.9893,
kodak,kodak_kodim07,2560,1.0,416667,416.667,300.0,0.2543,1,1,416612,100.0,0.289,0.286,29.3,35.54,35.78,0.8707,0.9052,28.3631,72.1004,29.31,35.63,35.79,0.8707,0.9057,28.3744,71.9744,
kodak,kodak_kodim07,2560,1.0,450000,450.0,324.0,0.2747,0,0,449996,100.0,0.289,0.285,29.64,36.17,36.54,0.8772,0.9108,28.952,73.56,29.64,36.26,36.55,0.8772,0.9112,28.9635,73.4498,
kodak,kodak_kodim07,2560,1.0,500000,500.0,360.0,0.3052,0,0,499920,100.0,0.289,0.285,30.0,36.17,36.54,0.8879,0.9143,29.6365,75.2503,30.0,36.27,36.55,0.8879,0.9148,29.6493,75.1151,
kodak,kodak_kodim07,2560,1.0,550000,550.0,396.0,0.3357,0,0,549964,100.0,0.295,0.292,30.27,37.14,37.7,0.8951,0.9212,30.3589,78.5428,30.27,37.24,37.72,0.8951,0.9216,30.3703,78.4238,
kodak,kodak_kodim08,1920,0.5625,150000,150.0,108.0,0.1628,0,0,149936,100.0,0.296,0.276,19.02,33.96,32.54,0.5536,0.7511,18.5369,42.2082,18.8,33.9,32.57,0.4909,0.746,16.6974,22.645,
kodak,kodak_kodim08,1920,0.5625,200000,200.0,144.0,0.217,0,0,199968,100.0,0.276,0.275,19.77,33.96,32.54,0.6047,0.7681,20.1775,49.8638,19.53,33.9,32.6,0.5444,0.764,18.073,31.0986,
kodak,kodak_kodim08,1920,0.5625,234375,234.375,168.75,0.2543,0,1,234292,100.0,0.288,0.276,20.13,33.96,32.54,0.6265,0.7754,20.969,53.2945,19.86,33.9,32.6,0.5681,0.7719,18.7251,34.7893,
kodak,kodak_kodim08,1920,0.5625,250000,250.0,180.0,0.2713,0,0,249980,100.0,0.278,0.279,20.32,33.96,32.54,0.6384,0.7794,21.4501,54.5187,20.05,33.9,32.61,0.5812,0.7763,19.1209,36.3152,
kodak,kodak_kodim08,1920,0.5625,300000,300.0,216.0,0.3255,0,0,300000,100.0,0.274,0.278,20.8,34.11,32.91,0.6711,0.7914,22.8518,58.021,20.5,34.06,32.98,0.6154,0.7886,20.1955,41.5161,
kodak,kodak_kodim08,1920,0.5625,350000,350.0,252.0,0.3798,0,0,349944,100.0,0.276,0.281,21.06,34.43,33.37,0.6913,0.7996,23.8179,64.1025,20.75,34.38,33.45,0.6359,0.7963,20.8425,47.5946,
kodak,kodak_kodim08,1920,0.5625,400000,400.0,288.0,0.434,0,0,399964,100.0,0.289,0.28,21.2,35.05,33.73,0.7079,0.8071,24.5319,71.4399,20.88,34.99,33.81,0.6515,0.8027,21.2394,54.7926,
kodak,kodak_kodim08,1920,0.5625,416667,416.667,300.0,0.4521,1,0,416624,100.0,0.283,0.279,21.27,35.05,33.73,0.7128,0.8087,24.7463,71.8675,20.94,34.99,33.81,0.6573,0.8047,21.3962,55.4677,
kodak,kodak_kodim08,1920,0.5625,450000,450.0,324.0,0.4883,0,0,449920,100.0,0.276,0.278,21.37,35.05,33.73,0.7212,0.8116,25.1118,72.3612,21.04,34.99,33.82,0.6673,0.8081,21.6578,56.3765,
kodak,kodak_kodim08,1920,0.5625,500000,500.0,360.0,0.5425,0,0,499924,100.0,0.268,0.28,21.51,35.57,33.97,0.7351,0.8183,25.6767,74.0332,21.17,35.5,34.04,0.6829,0.8146,22.0352,58.3219,
kodak,kodak_kodim08,1920,0.5625,550000,550.0,396.0,0.5968,0,0,549988,100.0,0.286,0.274,21.85,35.77,34.47,0.7491,0.8265,26.3347,76.9603,21.46,35.7,34.51,0.6976,0.8218,22.5555,61.1692,
kodak,kodak_kodim08,2048,0.64,150000,150.0,108.0,0.1431,0,0,149948,100.0,0.297,0.282,19.16,33.95,32.27,0.5467,0.7529,18.3929,33.3076,18.95,33.9,32.31,0.4973,0.7481,16.948,20.6034,
kodak,kodak_kodim08,2048,0.64,200000,200.0,144.0,0.1907,0,0,199900,100.0,0.287,0.274,19.71,33.95,32.56,0.5853,0.766,19.4645,47.0025,19.47,33.9,32.62,0.5358,0.7612,17.8613,29.8935,
kodak,kodak_kodim08,2048,0.64,250000,250.0,180.0,0.2384,0,0,249892,100.0,0.282,0.28,20.25,33.95,32.56,0.6235,0.7788,20.686,52.754,19.99,33.9,32.63,0.5745,0.7742,18.8749,36.7863,
kodak,kodak_kodim08,2048,0.64,266667,266.667,192.0,0.2543,0,1,266584,100.0,0.285,0.285,20.43,33.95,32.56,0.6341,0.7823,21.1009,53.8418,20.16,33.9,32.64,0.5862,0.7781,19.2379,38.2324,
kodak,kodak_kodim08,2048,0.64,300000,300.0,216.0,0.2861,0,0,299900,100.0,0.274,0.278,20.75,33.95,32.56,0.6543,0.7891,21.9237,56.2156,20.47,33.9,32.66,0.6077,0.7854,19.9059,41.4016,
kodak,kodak_kodim08,2048,0.64,350000,350.0,252.0,0.3338,0,0,349980,100.0,0.278,0.277,21.12,34.16,32.73,0.6806,0.7984,23.0304,58.9483,20.83,34.11,32.84,0.6352,0.7951,20.7797,45.5947,
kodak,kodak_kodim08,2048,0.64,400000,400.0,288.0,0.3815,0,0,399992,100.0,0.273,0.285,21.37,34.73,33.08,0.6998,0.8062,23.8582,63.4697,21.06,34.68,33.2,0.6554,0.8029,21.3903,49.5434,
kodak,kodak_kodim08,2048,0.64,416667,416.667,300.0,0.3974,1,0,416632,100.0,0.291,0.284,21.41,34.73,33.08,0.7055,0.8081,24.0553,64.4973,21.1,34.68,33.2,0.6608,0.8047,21.5083,51.3924,
kodak,kodak_kodim08,2048,0.64,450000,450.0,324.0,0.4292,0,0,449960,100.0,0.287,0.283,21.49,35.34,33.57,0.7133,0.8126,24.4404,71.2069,21.17,35.27,33.67,0.6681,0.8084,21.7362,57.0567,
kodak,kodak_kodim08,2048,0.64,500000,500.0,360.0,0.4768,0,0,499864,100.0,0.291,0.281,21.65,35.34,33.57,0.7264,0.817,25.0055,72.1228,21.33,35.27,33.68,0.6832,0.8135,22.1653,58.391,
kodak,kodak_kodim08,2048,0.64,550000,550.0,396.0,0.5245,0,0,549952,100.0,0.281,0.278,21.92,35.65,33.99,0.7394,0.8236,25.7555,74.9842,21.57,35.58,34.07,0.6978,0.8199,22.7279,60.8854,
kodak,kodak_kodim08,2176,0.7225,150000,150.0,108.0,0.1267,0,0,149904,99.9,0.294,0.286,19.24,34.02,32.17,0.5384,0.7539,18.0731,32.0162,19.02,33.96,32.22,0.5009,0.7495,17.0655,20.9562,
kodak,kodak_kodim08,2176,0.7225,200000,200.0,144.0,0.169,0,0,199952,100.0,0.281,0.283,19.69,34.09,32.64,0.5756,0.7667,19.0681,45.9837,19.46,34.04,32.71,0.5355,0.7613,17.8894,30.9599,
kodak,kodak_kodim08,2176,0.7225,250000,250.0,180.0,0.2112,0,0,249984,100.0,0.281,0.281,20.29,34.09,32.64,0.6129,0.7791,20.2351,50.849,20.04,34.04,32.73,0.5745,0.7743,18.9635,36.8843,
kodak,kodak_kodim08,2176,0.7225,300000,300.0,216.0,0.2534,0,0,299956,100.0,0.285,0.283,20.74,34.14,32.77,0.6422,0.7891,21.2413,55.1123,20.47,34.09,32.87,0.6049,0.7848,19.8662,41.989,
kodak,kodak_kodim08,2176,0.7225,301042,301.042,216.75,0.2543,0,1,300960,100.0,0.283,0.288,20.75,34.14,32.77,0.6427,0.7893,21.2621,55.1757,20.48,34.09,32.87,0.6055,0.785,19.8844,42.0619,
kodak,kodak_kodim08,2176,0.7225,350000,350.0,252.0,0.2957,0,0,349908,100.0,0.285,0.281,21.18,34.35,32.99,0.6695,0.7988,22.3567,58.4366,20.89,34.3,33.09,0.6332,0.7948,20.8305,46.4452,
kodak,kodak_kodim08,2176,0.7225,400000,400.0,288.0,0.3379,0,0,399956,100.0,0.276,0.294,21.47,34.82,33.32,0.6901,0.8069,23.2629,62.7851,21.17,34.77,33.43,0.654,0.8027,21.5658,50.9466,
kodak,kodak_kodim08,2176,0.7225,416667,416.667,300.0,0.352,1,0,416660,100.0,0.277,0.282,21.57,34.82,33.32,0.6975,0.8093,23.5417,63.5615,21.26,34.77,33.43,0.6618,0.8054,21.8053,51.9127,
kodak,kodak_kodim08,2176,0.7225,450000,450.0,324.0,0.3801,0,0,449976,100.0,0.272,0.28,21.74,34.82,33.32,0.7088,0.8131,24.0642,64.386,21.42,34.77,33.44,0.6738,0.8095,22.251,53.0894,
kodak,kodak_kodim08,2176,0.7225,500000,500.0,360.0,0.4224,0,0,499948,100.0,0.272,0.279,21.86,35.33,33.8,0.7214,0.8193,24.5962,72.0617,21.53,35.26,33.9,0.6856,0.8149,22.6102,60.4724,
kodak,kodak_kodim08,2176,0.7225,550000,550.0,396.0,0.4646,0,0,549912,100.0,0.276,0.282,22.01,35.33,33.8,0.7349,0.8238,25.0677,72.7696,21.67,35.26,33.9,0.7006,0.8199,23.0134,61.5205,
kodak,kodak_kodim08,2304,0.81,150000,150.0,108.0,0.113,0,0,149968,100.0,0.285,0.289,19.19,34.27,32.51,0.5305,0.755,17.6939,30.9678,18.97,34.21,32.56,0.5014,0.7501,17.0416,21.7891,
kodak,kodak_kodim08,2304,0.81,200000,200.0,144.0,0.1507,0,0,199876,99.9,0.286,0.282,19.7,34.27,32.51,0.5686,0.7677,18.6766,38.7381,19.48,34.22,32.57,0.5384,0.7624,17.9307,29.0776,
kodak,kodak_kodim08,2304,0.81,250000,250.0,180.0,0.1884,0,0,249996,100.0,0.297,0.282,20.25,34.28,32.78,0.6001,0.7785,19.6414,48.2131,20.01,34.23,32.86,0.5711,0.7736,18.8274,36.8546,
kodak,kodak_kodim08,2304,0.81,300000,300.0,216.0,0.2261,0,0,299932,100.0,0.291,0.281,20.74,34.29,32.84,0.6324,0.7894,20.6549,53.8855,20.48,34.24,32.93,0.6038,0.7846,19.766,43.1443,
kodak,kodak_kodim08,2304,0.81,337500,337.5,243.0,0.2543,0,1,337492,100.0,0.291,0.285,21.1,34.29,32.84,0.6522,0.796,21.3607,55.5814,20.82,34.25,32.95,0.6248,0.7918,20.4402,45.2251,
kodak,kodak_kodim08,2304,0.81,350000,350.0,252.0,0.2637,0,0,349896,100.0,0.29,0.281,21.22,34.29,32.84,0.6585,0.7981,21.6288,56.2081,20.94,34.25,32.95,0.6314,0.794,20.6894,45.9389,
kodak,kodak_kodim08,2304,0.81,400000,400.0,288.0,0.3014,0,0,399972,100.0,0.287,0.281,21.63,34.45,32.95,0.6845,0.8071,22.6424,58.9591,21.33,34.41,33.07,0.6577,0.8032,21.6073,49.6168,
kodak,kodak_kodim08,2304,0.81,416667,416.667,300.0,0.314,1,0,416596,100.0,0.295,0.281,21.74,34.45,32.95,0.6908,0.8092,22.9498,59.7673,21.44,34.41,33.07,0.6642,0.8054,21.8809,50.5762,
kodak,kodak_kodim08,2304,0.81,450000,450.0,324.0,0.3391,0,0,449980,100.0,0.274,0.279,21.85,34.96,33.35,0.7008,0.8137,23.3249,64.5622,21.54,34.91,33.46,0.674,0.8098,22.2038,54.6673,
kodak,kodak_kodim08,2304,0.81,500000,500.0,360.0,0.3768,0,0,499956,100.0,0.274,0.286,22.1,34.96,33.35,0.718,0.8194,24.0451,65.7243,21.78,34.91,33.47,0.6922,0.8159,22.8552,56.2669,
kodak,kodak_kodim08,2304,0.81,550000,550.0,396.0,0.4144,0,0,549952,100.0,0.277,0.284,22.21,35.5,33.91,0.7302,0.826,24.5651,72.3178,21.88,35.44,34.0,0.704,0.8219,23.2502,63.1265,
kodak,kodak_kodim08,2432,0.9025,150000,150.0,108.0,0.1014,0,0,149988,100.0,0.298,0.282,19.22,33.62,31.75,0.5272,0.7563,17.5474,26.1747,18.99,33.57,31.81,0.5072,0.7514,17.1235,20.1492,
kodak,kodak_kodim08,2432,0.9025,200000,200.0,144.0,0.1353,0,0,199996,100.0,0.288,0.283,19.76,34.36,32.52,0.5634,0.7693,18.5003,34.8445,19.52,34.3,32.59,0.5431,0.7641,18.043,27.7607,
kodak,kodak_kodim08,2432,0.9025,250000,250.0,180.0,0.1691,0,0,250000,100.0,0.288,0.28,20.21,34.4,32.83,0.5915,0.7789,19.2827,46.8925,19.96,34.35,32.92,0.5714,0.7739,18.7933,36.8645,
kodak,kodak_kodim08,2432,0.9025,300000,300.0,216.0,0.2029,0,0,299940,100.0,0.285,0.291,20.73,34.4,32.83,0.6243,0.7899,20.2691,51.2218,20.46,34.35,32.93,0.6044,0.7849,19.7352,42.3531,
kodak,kodak_kodim08,2432,0.9025,350000,350.0,252.0,0.2367,0,0,349992,100.0,0.294,0.288,21.16,34.4,32.86,0.6489,0.7981,21.063,55.0771,20.87,34.36,32.97,0.6298,0.7935,20.5099,46.3312,
kodak,kodak_kodim08,2432,0.9025,376042,376.042,270.75,0.2543,0,1,376000,100.0,0.289,0.283,21.42,34.4,32.86,0.6619,0.8024,21.5823,56.2513,21.11,34.36,32.98,0.6432,0.7981,21.0025,47.8561,
kodak,kodak_kodim08,2432,0.9025,400000,400.0,288.0,0.2705,0,0,399992,100.0,0.288,0.285,21.58,34.5,33.04,0.6732,0.8066,22.0218,58.0814,21.27,34.46,33.15,0.6544,0.8022,21.4041,50.0677,
kodak,kodak_kodim08,2432,0.9025,416667,416.667,300.0,0.2818,1,0,416648,100.0,0.295,0.286,21.71,34.5,33.04,0.6812,0.8093,22.2895,58.8001,21.4,34.46,33.15,0.6626,0.805,21.6591,51.0174,
kodak,kodak_kodim08,2432,0.9025,450000,450.0,324.0,0.3043,0,0,449980,100.0,0.29,0.286,22.01,34.5,33.04,0.6971,0.8146,22.9991,59.823,21.68,34.46,33.16,0.6791,0.8106,22.322,52.4015,
kodak,kodak_kodim08,2432,0.9025,500000,500.0,360.0,0.3381,0,0,499984,100.0,0.287,0.281,22.21,35.01,33.5,0.7116,0.8207,23.6155,65.2198,21.87,34.96,33.61,0.6935,0.8167,22.8826,57.216,
kodak,kodak_kodim08,2432,0.9025,550000,550.0,396.0,0.372,0,0,549984,100.0,0.293,0.281,22.45,35.01,33.5,0.7272,0.8259,24.2477,66.1354,22.09,34.96,33.61,0.7096,0.8221,23.4762,58.3484,
kodak,kodak_kodim08,2560,1.0,150000,150.0,108.0,0.0916,0,0,149988,100.0,0.298,0.305,18.99,32.74,31.34,0.5101,0.7528,17.0763,24.5975,19.0,32.73,31.41,0.5104,0.7527,17.0807,24.4295,
kodak,kodak_kodim08,2560,1.0,200000,200.0,144.0,0.1221,0,0,199964,100.0,0.295,0.289,19.63,34.39,32.54,0.548,0.7669,18.1784,32.7886,19.63,34.38,32.62,0.5484,0.7667,18.183,32.6307,
kodak,kodak_kodim08,2560,1.0,250000,250.0,180.0,0.1526,0,0,249880,100.0,0.289,0.283,19.94,34.39,33.01,0.5776,0.7771,18.8605,42.7328,19.94,34.38,33.12,0.5778,0.777,18.8635,42.499,
kodak,kodak_kodim08,2560,1.0,300000,300.0,216.0,0.1831,0,0,299928,100.0,0.298,0.283,20.48,34.39,33.01,0.6058,0.7864,19.76,48.3883,20.48,34.39,33.14,0.606,0.7864,19.7633,48.1244,
kodak,kodak_kodim08,2560,1.0,350000,350.0,252.0,0.2136,0,0,349936,100.0,0.288,0.286,20.88,34.39,33.01,0.6321,0.7952,20.5337,53.4241,20.88,34.39,33.14,0.6323,0.7953,20.5358,53.1372,
kodak,kodak_kodim08,2560,1.0,400000,400.0,288.0,0.2441,0,0,399896,100.0,0.297,0.29,21.28,34.39,33.01,0.6542,0.8026,21.2955,55.4106,21.28,34.39,33.16,0.6544,0.8028,21.2977,55.0995,
kodak,kodak_kodim08,2560,1.0,416667,416.667,300.0,0.2543,1,1,416600,100.0,0.289,0.286,21.42,34.39,33.01,0.661,0.8049,21.5788,56.3354,21.42,34.39,33.16,0.6612,0.8051,21.5809,56.0202,
kodak,kodak_kodim08,2560,1.0,450000,450.0,324.0,0.2747,0,0,450000,100.0,0.291,0.291,21.64,34.81,33.23,0.6756,0.8106,22.1162,58.0877,21.64,34.81,33.4,0.6758,0.8109,22.1176,57.7635,
kodak,kodak_kodim08,2560,1.0,500000,500.0,360.0,0.3052,0,0,499940,100.0,0.286,0.283,22.02,34.81,33.23,0.6951,0.8171,23.0228,60.1476,22.02,34.81,33.42,0.6953,0.8175,23.0242,59.7851,
kodak,kodak_kodim08,2560,1.0,550000,550.0,396.0,0.3357,0,0,549984,100.0,0.296,0.282,22.19,35.38,33.58,0.7099,0.8233,23.531,64.0962,22.19,35.38,33.76,0.7101,0.8239,23.5316,63.7052,
kodak,kodak_kodim19,1920,0.5625,150000,150.0,108.0,0.1628,0,0,149996,100.0,0.303,0.281,24.62,37.27,36.73,0.6722,0.8488,25.4979,62.1065,24.47,37.33,36.72,0.6485,0.8473,23.4101,44.9297,
kodak,kodak_kodim19,1920,0.5625,200000,200.0,144.0,0.217,0,0,199984,100.0,0.283,0.277,24.99,37.49,36.98,0.707,0.8607,26.5936,65.9966,24.84,37.56,36.97,0.683,0.8591,24.2393,50.1732,
kodak,kodak_kodim19,1920,0.5625,234375,234.375,168.75,0.2543,0,1,234368,100.0,0.282,0.279,25.15,37.49,37.15,0.7259,0.8672,27.2006,70.0768,24.99,37.56,37.15,0.6995,0.8648,24.625,55.4776,
kodak,kodak_kodim19,1920,0.5625,250000,250.0,180.0,0.2713,0,0,249984,100.0,0.272,0.277,25.22,38.04,37.35,0.7332,0.8703,27.4407,70.5587,25.06,38.09,37.36,0.7071,0.8676,24.8101,56.1579,
kodak,kodak_kodim19,1920,0.5625,300000,300.0,216.0,0.3255,0,0,299952,100.0,0.271,0.275,25.42,38.04,37.35,0.7552,0.8776,28.1578,72.65,25.25,38.09,37.36,0.7278,0.8745,25.3012,60.7149,
kodak,kodak_kodim19,1920,0.5625,350000,350.0,252.0,0.3798,0,0,350000,100.0,0.285,0.275,25.71,38.54,37.67,0.7722,0.884,28.8597,80.4418,25.52,38.58,37.69,0.7446,0.8805,25.824,66.3778,
kodak,kodak_kodim19,1920,0.5625,400000,400.0,288.0,0.434,0,0,399992,100.0,0.282,0.28,26.54,38.91,38.6,0.7914,0.8915,30.1349,85.6558,26.24,38.94,38.61,0.7632,0.8873,26.917,71.9799,
kodak,kodak_kodim19,1920,0.5625,416667,416.667,300.0,0.4521,1,0,416616,100.0,0.27,0.274,26.58,38.91,38.6,0.7946,0.8925,30.3124,85.7734,26.29,38.94,38.61,0.7666,0.8885,27.0398,72.3315,
kodak,kodak_kodim19,1920,0.5625,450000,450.0,324.0,0.4883,0,0,449936,100.0,0.269,0.276,27.05,39.35,39.21,0.8034,0.8965,31.0309,87.1107,26.68,39.38,39.24,0.7751,0.892,27.6669,74.6218,
kodak,kodak_kodim19,1920,0.5625,500000,500.0,360.0,0.5425,0,0,499888,100.0,0.289,0.278,27.63,39.35,39.21,0.8175,0.9012,31.9346,88.3855,27.19,39.38,39.25,0.7896,0.8969,28.5452,76.6227,
kodak,kodak_kodim19,1920,0.5625,550000,550.0,396.0,0.5968,0,0,549972,100.0,0.281,0.277,27.78,40.09,39.87,0.8244,0.9057,32.4749,90.027,27.3,40.09,39.91,0.796,0.9003,28.8574,79.4046,
kodak,kodak_kodim19,2048,0.64,150000,150.0,108.0,0.1431,0,0,149984,100.0,0.285,0.283,24.75,37.1,36.74,0.6699,0.8497,25.1646,58.2998,24.62,37.15,36.73,0.6514,0.848,23.6126,44.5774,
kodak,kodak_kodim19,2048,0.64,200000,200.0,144.0,0.1907,0,0,199960,100.0,0.277,0.282,25.2,37.6,36.92,0.7021,0.8607,26.4838,65.1996,25.06,37.65,36.92,0.6817,0.8585,24.6123,52.3593,
kodak,kodak_kodim19,2048,0.64,250000,250.0,180.0,0.2384,0,0,249972,100.0,0.276,0.288,25.5,37.97,37.12,0.7292,0.8701,27.3494,67.795,25.35,38.02,37.13,0.7092,0.8679,25.324,55.412,
kodak,kodak_kodim19,2048,0.64,266667,266.667,192.0,0.2543,0,1,266548,100.0,0.273,0.279,25.57,37.97,37.12,0.7392,0.8734,27.6561,70.5504,25.41,38.02,37.13,0.7176,0.8707,25.5124,58.6876,
kodak,kodak_kodim19,2048,0.64,300000,300.0,216.0,0.2861,0,0,299904,100.0,0.28,0.276,25.71,38.55,37.54,0.7532,0.8789,28.048,72.1505,25.55,38.59,37.57,0.7323,0.8762,25.8316,59.6426,
kodak,kodak_kodim19,2048,0.64,350000,350.0,252.0,0.3338,0,0,349944,100.0,0.288,0.277,25.87,38.94,38.06,0.7689,0.8849,28.7718,77.7978,25.7,38.97,38.09,0.7464,0.8814,26.3116,66.3441,
kodak,kodak_kodim19,2048,0.64,400000,400.0,288.0,0.3815,0,0,399980,100.0,0.293,0.28,26.38,38.94,38.06,0.7863,0.8907,29.5982,82.6192,26.17,38.97,38.09,0.7643,0.8873,27.058,69.9075,
kodak,kodak_kodim19,2048,0.64,416667,416.667,300.0,0.3974,1,0,416640,100.0,0.284,0.281,26.42,39.15,38.95,0.7901,0.8928,29.8748,83.6688,26.21,39.18,38.95,0.7677,0.8891,27.2277,71.5881,
kodak,kodak_kodim19,2048,0.64,450000,450.0,324.0,0.4292,0,0,449984,100.0,0.279,0.281,27.11,39.15,38.95,0.8024,0.8969,30.7565,86.2844,26.84,39.18,38.97,0.7801,0.8933,28.1355,74.7057,
kodak,kodak_kodim19,2048,0.64,500000,500.0,360.0,0.4768,0,0,499988,100.0,0.274,0.278,27.24,39.47,39.6,0.8115,0.9007,31.3435,86.9824,26.97,39.5,39.62,0.7897,0.8971,28.5583,76.0374,
kodak,kodak_kodim19,2048,0.64,550000,550.0,396.0,0.5245,0,0,550000,100.0,0.271,0.279,28.03,39.47,39.6,0.8246,0.9051,32.2958,88.4982,27.65,39.5,39.63,0.803,0.9016,29.5399,78.4876,
kodak,kodak_kodim19,2176,0.7225,150000,150.0,108.0,0.1267,0,0,149944,100.0,0.278,0.275,24.88,37.36,36.88,0.6661,0.8501,24.8373,57.0479,24.75,37.4,36.87,0.651,0.848,23.744,45.7496,
kodak,kodak_kodim19,2176,0.7225,200000,200.0,144.0,0.169,0,0,199968,100.0,0.275,0.279,25.4,37.69,37.02,0.6983,0.861,26.1416,64.0715,25.26,37.73,37.02,0.6821,0.8587,24.8585,53.0694,
kodak,kodak_kodim19,2176,0.7225,250000,250.0,180.0,0.2112,0,0,249948,100.0,0.272,0.284,25.74,38.0,37.34,0.7267,0.8709,27.1034,67.9618,25.58,38.04,37.36,0.7099,0.8683,25.6629,57.8559,
kodak,kodak_kodim19,2176,0.7225,300000,300.0,216.0,0.2534,0,0,299908,100.0,0.275,0.278,26.0,38.0,37.41,0.7503,0.8788,27.9159,70.042,25.83,38.04,37.42,0.7331,0.8761,26.3387,61.1392,
kodak,kodak_kodim19,2176,0.7225,301042,301.042,216.75,0.2543,0,1,300908,100.0,0.273,0.283,26.0,38.0,37.41,0.7506,0.8789,27.9266,70.3713,25.84,38.04,37.42,0.7333,0.8761,26.3456,61.3954,
kodak,kodak_kodim19,2176,0.7225,350000,350.0,252.0,0.2957,0,0,349988,100.0,0.273,0.28,26.22,38.37,37.79,0.7683,0.8853,28.5598,72.4152,26.05,38.41,37.81,0.7516,0.8827,26.8884,62.9063,
kodak,kodak_kodim19,2176,0.7225,400000,400.0,288.0,0.3379,0,0,399848,100.0,0.276,0.28,26.44,38.88,38.22,0.7823,0.8907,29.1754,80.2914,26.25,38.91,38.25,0.7643,0.8875,27.322,70.6173,
kodak,kodak_kodim19,2176,0.7225,416667,416.667,300.0,0.352,1,0,416604,100.0,0.274,0.279,26.64,38.88,38.22,0.7881,0.8927,29.4405,82.0289,26.44,38.91,38.25,0.7703,0.8895,27.5968,71.675,
kodak,kodak_kodim19,2176,0.7225,450000,450.0,324.0,0.3801,0,0,449904,100.0,0.286,0.285,26.74,38.88,38.22,0.7965,0.8955,29.7914,82.3499,26.55,38.91,38.25,0.7792,0.8924,27.8929,72.1975,
kodak,kodak_kodim19,2176,0.7225,500000,500.0,360.0,0.4224,0,0,499928,100.0,0.289,0.283,27.27,39.27,39.01,0.8101,0.9009,30.6702,85.4912,27.03,39.3,39.04,0.7925,0.8977,28.6925,76.0453,
kodak,kodak_kodim19,2176,0.7225,550000,550.0,396.0,0.4646,0,0,549892,100.0,0.282,0.283,27.41,39.27,39.01,0.8189,0.9039,31.0701,86.0522,27.17,39.3,39.04,0.8019,0.9009,29.0424,76.7708,
kodak,kodak_kodim19,2304,0.81,150000,150.0,108.0,0.113,0,0,149992,100.0,0.29,0.282,25.01,37.37,36.61,0.6665,0.8514,24.5902,51.2727,24.87,37.4,36.59,0.6547,0.8491,23.9255,43.9628,
kodak,kodak_kodim19,2304,0.81,200000,200.0,144.0,0.1507,0,0,199948,100.0,0.29,0.29,25.51,37.59,37.19,0.6974,0.8621,25.7986,63.7635,25.36,37.63,37.18,0.6837,0.8592,25.009,54.6608,
kodak,kodak_kodim19,2304,0.81,250000,250.0,180.0,0.1884,0,0,249964,100.0,0.284,0.283,25.91,37.71,37.19,0.7213,0.8701,26.7832,66.432,25.75,37.76,37.18,0.7076,0.8673,25.91,58.5967,
kodak,kodak_kodim19,2304,0.81,300000,300.0,216.0,0.2261,0,0,300000,100.0,0.291,0.283,26.17,38.02,37.41,0.746,0.8786,27.4512,68.8374,26.0,38.06,37.41,0.7327,0.8759,26.5363,61.0095,
kodak,kodak_kodim19,2304,0.81,337500,337.5,243.0,0.2543,0,1,337476,100.0,0.289,0.283,26.33,38.02,37.56,0.7602,0.8835,28.0061,71.5676,26.15,38.06,37.57,0.7462,0.8806,27.0135,64.4021,
kodak,kodak_kodim19,2304,0.81,350000,350.0,252.0,0.2637,0,0,349960,100.0,0.295,0.281,26.38,38.65,37.91,0.7638,0.8853,28.1271,72.3991,26.2,38.69,37.93,0.7499,0.8823,27.1207,64.8123,
kodak,kodak_kodim19,2304,0.81,400000,400.0,288.0,0.3014,0,0,400000,100.0,0.285,0.279,26.57,38.65,37.91,0.7803,0.8908,28.6798,72.92,26.38,38.69,37.93,0.7669,0.888,27.621,65.578,
kodak,kodak_kodim19,2304,0.81,416667,416.667,300.0,0.314,1,0,416616,100.0,0.285,0.281,26.6,38.65,37.91,0.7859,0.8927,28.8528,73.735,26.42,38.69,37.93,0.7721,0.8898,27.7609,67.0401,
kodak,kodak_kodim19,2304,0.81,450000,450.0,324.0,0.3391,0,0,449880,100.0,0.293,0.281,26.73,39.22,38.46,0.7919,0.8955,29.2314,80.1277,26.54,39.25,38.5,0.7777,0.8923,28.0688,72.3858,
kodak,kodak_kodim19,2304,0.81,500000,500.0,360.0,0.3768,0,0,499956,100.0,0.297,0.28,27.07,39.22,38.46,0.8042,0.8996,29.8121,82.3664,26.87,39.25,38.5,0.7903,0.8966,28.6271,73.9536,
kodak,kodak_kodim19,2304,0.81,550000,550.0,396.0,0.4144,0,0,549964,100.0,0.27,0.282,27.64,39.56,39.1,0.8183,0.905,30.7729,85.7221,27.41,39.59,39.14,0.8043,0.9019,29.5333,77.8685,
kodak,kodak_kodim19,2432,0.9025,150000,150.0,108.0,0.1014,0,0,149996,100.0,0.302,0.282,24.99,37.33,37.03,0.6567,0.8496,24.0599,47.9164,24.86,37.36,37.03,0.6485,0.8472,23.7228,42.7608,
kodak,kodak_kodim19,2432,0.9025,200000,200.0,144.0,0.1353,0,0,200000,100.0,0.291,0.282,25.57,37.7,37.15,0.6904,0.8611,25.3121,59.2547,25.42,37.74,37.15,0.6808,0.8582,24.9194,52.5965,
kodak,kodak_kodim19,2432,0.9025,250000,250.0,180.0,0.1691,0,0,249888,100.0,0.295,0.281,25.97,37.92,37.36,0.716,0.8698,26.2968,64.4488,25.81,37.96,37.36,0.706,0.8669,25.8515,58.2823,
kodak,kodak_kodim19,2432,0.9025,300000,300.0,216.0,0.2029,0,0,300000,100.0,0.289,0.283,26.27,38.28,37.69,0.7397,0.8781,27.1187,68.6841,26.1,38.33,37.7,0.7292,0.8751,26.6147,62.9166,
kodak,kodak_kodim19,2432,0.9025,350000,350.0,252.0,0.2367,0,0,349940,100.0,0.292,0.281,26.55,38.28,37.69,0.7606,0.885,27.7858,69.6359,26.37,38.33,37.7,0.7505,0.8822,27.2715,64.1389,
kodak,kodak_kodim19,2432,0.9025,376042,376.042,270.75,0.2543,0,1,375944,100.0,0.284,0.285,26.64,38.28,37.82,0.7696,0.8881,28.1431,72.2993,26.45,38.33,37.84,0.7591,0.8852,27.5862,67.0917,
kodak,kodak_kodim19,2432,0.9025,400000,400.0,288.0,0.2705,0,0,399988,100.0,0.295,0.28,26.72,38.92,38.22,0.7761,0.8909,28.3527,72.8502,26.53,38.96,38.26,0.7657,0.888,27.7859,67.3855,
kodak,kodak_kodim19,2432,0.9025,416667,416.667,300.0,0.2818,1,0,416588,100.0,0.29,0.281,26.76,38.92,38.22,0.7815,0.8927,28.4682,72.9474,26.57,38.96,38.26,0.7713,0.8898,27.897,67.5135,
kodak,kodak_kodim19,2432,0.9025,450000,450.0,324.0,0.3043,0,0,449972,100.0,0.291,0.284,26.9,38.92,38.22,0.7902,0.8956,28.8658,73.4462,26.71,38.96,38.26,0.7801,0.8928,28.2819,68.256,
kodak,kodak_kodim19,2432,0.9025,500000,500.0,360.0,0.3381,0,0,499884,100.0,0.286,0.282,27.13,39.32,38.83,0.8014,0.9001,29.4395,80.8454,26.93,39.35,38.88,0.791,0.8971,28.8002,74.7184,
kodak,kodak_kodim19,2432,0.9025,550000,550.0,396.0,0.372,0,0,549960,100.0,0.283,0.284,27.36,39.32,38.83,0.8123,0.9037,29.8624,82.1449,27.15,39.35,38.88,0.8021,0.9008,29.213,75.644,
kodak,kodak_kodim19,2560,1.0,150000,150.0,108.0,0.0916,0,0,149992,100.0,0.297,0.292,24.88,37.39,36.75,0.6582,0.8513,23.7026,43.9892,24.89,37.43,36.78,0.6583,0.8507,23.713,43.8636,
kodak,kodak_kodim19,2560,1.0,200000,200.0,144.0,0.1221,0,0,199920,100.0,0.295,0.283,25.51,37.55,36.75,0.6899,0.862,25.003,54.2455,25.52,37.6,36.78,0.69,0.8614,25.012,54.0953,
kodak,kodak_kodim19,2560,1.0,250000,250.0,180.0,0.1526,0,0,249980,100.0,0.29,0.288,25.98,37.92,37.69,0.7121,0.87,26.134,64.0252,25.99,37.98,37.73,0.7122,0.8696,26.1424,63.8263,
kodak,kodak_kodim19,2560,1.0,300000,300.0,216.0,0.1831,0,0,299964,100.0,0.295,0.286,26.33,37.99,37.69,0.7302,0.8761,26.8708,65.6523,26.34,38.06,37.73,0.7303,0.8758,26.8786,65.4561,
kodak,kodak_kodim19,2560,1.0,350000,350.0,252.0,0.2136,0,0,349956,100.0,0.296,0.282,26.59,38.2,38.2,0.7526,0.8838,27.6549,69.4582,26.6,38.27,38.27,0.7526,0.8836,27.6634,69.2004,
kodak,kodak_kodim19,2560,1.0,400000,400.0,288.0,0.2441,0,0,399932,100.0,0.292,0.283,26.84,38.2,38.2,0.77,0.8896,28.331,70.311,26.85,38.27,38.27,0.7701,0.8894,28.3401,70.077,
kodak,kodak_kodim19,2560,1.0,416667,416.667,300.0,0.2543,1,1,416596,100.0,0.294,0.297,26.9,38.2,38.2,0.7751,0.8913,28.5421,71.759,26.91,38.27,38.27,0.7751,0.8912,28.5513,71.4935,
kodak,kodak_kodim19,2560,1.0,450000,450.0,324.0,0.2747,0,0,449948,100.0,0.303,0.283,26.99,39.01,38.62,0.7832,0.8946,28.8446,73.2516,27.0,39.08,38.71,0.7832,0.8946,28.8541,72.9705,
kodak,kodak_kodim19,2560,1.0,500000,500.0,360.0,0.3052,0,0,500000,100.0,0.293,0.284,27.14,39.01,38.62,0.7956,0.8988,29.2705,73.805,27.15,39.08,38.71,0.7956,0.8987,29.2808,73.5185,
kodak,kodak_kodim19,2560,1.0,550000,550.0,396.0,0.3357,0,0,549808,100.0,0.289,0.288,27.37,39.56,39.15,0.8054,0.9027,29.8748,80.2998,27.38,39.62,39.25,0.8055,0.9027,29.8848,79.9736,
synthetic,synthetic_panel,1920,0.5625,150000,150.0,108.0,0.1628,0,0,149988,100.0,0.286,0.277,39.16,43.48,43.8,0.9918,0.9956,42.1737,93.1493,26.21,43.57,43.1,0.9823,0.9919,29.1266,81.6237,
synthetic,synthetic_panel,1920,0.5625,200000,200.0,144.0,0.217,0,0,199988,100.0,0.277,0.275,43.66,46.61,45.84,0.9947,0.997,47.284,95.2976,26.33,46.34,44.93,0.9857,0.9936,29.3936,85.3746,
synthetic,synthetic_panel,1920,0.5625,234375,234.375,168.75,0.2543,0,1,234280,100.0,0.268,0.279,47.07,49.18,49.08,0.9962,0.9978,51.6731,96.0406,26.37,48.07,47.21,0.9869,0.9944,29.4667,86.5385,
synthetic,synthetic_panel,1920,0.5625,250000,250.0,180.0,0.2713,0,0,249980,100.0,0.282,0.277,47.74,49.25,49.14,0.9965,0.998,52.7599,96.1369,26.37,48.13,47.34,0.9872,0.9945,29.4718,86.6668,
synthetic,synthetic_panel,1920,0.5625,300000,300.0,216.0,0.3255,0,0,299968,100.0,0.269,0.279,51.36,53.12,53.32,0.998,0.9988,56.1014,96.7041,26.43,49.81,48.84,0.9883,0.9952,29.5594,87.2788,
synthetic,synthetic_panel,1920,0.5625,350000,350.0,252.0,0.3798,0,0,350000,100.0,0.275,0.276,54.49,56.53,59.14,0.9989,0.9994,59.7073,97.0194,26.43,51.11,49.96,0.9889,0.9956,29.5523,87.6088,
synthetic,synthetic_panel,1920,0.5625,400000,400.0,288.0,0.434,0,0,399968,100.0,0.272,0.277,56.17,58.93,63.46,0.9993,0.9996,62.1233,97.1602,26.43,51.53,50.3,0.9892,0.9958,29.5562,87.6974,
synthetic,synthetic_panel,1920,0.5625,416667,416.667,300.0,0.4521,1,0,416636,100.0,0.269,0.278,57.68,61.75,63.63,0.9997,0.9998,63.9523,97.2912,26.43,51.75,50.31,0.9894,0.9958,29.558,87.7859,
synthetic,synthetic_panel,1920,0.5625,450000,450.0,324.0,0.4883,0,0,449932,100.0,0.281,0.279,59.51,63.65,65.62,0.9998,0.9998,65.2729,97.3582,26.43,51.88,50.39,0.9895,0.9959,29.5611,87.8466,
synthetic,synthetic_panel,1920,0.5625,500000,500.0,360.0,0.5425,0,0,499988,100.0,0.269,0.282,63.77,68.27,68.31,0.9999,0.9999,68.0299,97.395,26.44,52.04,50.5,0.9896,0.996,29.5647,87.9287,
synthetic,synthetic_panel,1920,0.5625,550000,550.0,396.0,0.5968,0,0,549972,100.0,0.285,0.284,66.8,72.75,73.23,0.9999,1.0,70.149,97.4102,26.44,52.09,50.54,0.9896,0.996,29.5651,87.9396,
synthetic,synthetic_panel,2048,0.64,150000,150.0,108.0,0.1431,0,0,149972,100.0,0.277,0.279,37.48,43.64,43.35,0.9872,0.993,41.941,93.38,26.64,43.25,42.68,0.9806,0.991,30.7141,82.4653,
synthetic,synthetic_panel,2048,0.64,200000,200.0,144.0,0.1907,0,0,199776,99.9,0.272,0.277,41.58,44.26,45.98,0.9925,0.9955,47.1011,95.3343,26.82,43.86,44.81,0.9838,0.9927,31.003,85.2657,
synthetic,synthetic_panel,2048,0.64,250000,250.0,180.0,0.2384,0,0,249908,100.0,0.284,0.279,44.87,47.01,48.91,0.9954,0.9968,53.5625,96.5753,26.89,46.35,47.24,0.9855,0.9937,31.1228,86.7311,
synthetic,synthetic_panel,2048,0.64,266667,266.667,192.0,0.2543,0,1,266624,100.0,0.273,0.281,46.25,47.09,48.93,0.9962,0.9972,54.651,96.734,26.91,46.39,47.33,0.986,0.9939,31.1528,87.0386,
synthetic,synthetic_panel,2048,0.64,300000,300.0,216.0,0.2861,0,0,299984,100.0,0.274,0.28,48.55,49.97,51.33,0.9972,0.998,56.7333,96.939,26.93,48.54,48.7,0.9868,0.9944,31.1818,87.3642,
synthetic,synthetic_panel,2048,0.64,350000,350.0,252.0,0.3338,0,0,349952,100.0,0.292,0.277,51.42,52.93,54.83,0.9982,0.9987,59.1733,97.0824,26.99,50.16,49.94,0.9874,0.9949,31.2793,87.6471,
synthetic,synthetic_panel,2048,0.64,400000,400.0,288.0,0.3815,0,0,400000,100.0,0.271,0.281,53.24,57.55,59.66,0.9989,0.9993,61.3153,97.1549,26.99,51.46,50.59,0.9878,0.9952,31.287,87.7398,
synthetic,synthetic_panel,2048,0.64,416667,416.667,300.0,0.3974,1,0,416636,100.0,0.27,0.276,54.75,59.33,62.31,0.999,0.9994,61.8245,97.1911,27.0,51.7,50.75,0.9879,0.9953,31.2901,87.8057,
synthetic,synthetic_panel,2048,0.64,450000,450.0,324.0,0.4292,0,0,449976,100.0,0.298,0.28,55.43,62.33,63.76,0.9992,0.9996,62.5773,97.2268,26.98,52.03,50.81,0.988,0.9954,31.2679,87.8293,
synthetic,synthetic_panel,2048,0.64,500000,500.0,360.0,0.4768,0,0,499964,100.0,0.27,0.279,59.6,65.02,66.65,0.9997,0.9998,65.1214,97.3588,26.99,52.19,50.86,0.9883,0.9955,31.2707,87.9556,
synthetic,synthetic_panel,2048,0.64,550000,550.0,396.0,0.5245,0,0,549968,100.0,0.271,0.279,63.42,68.92,69.16,0.9999,0.9999,67.4552,97.3834,26.99,52.28,50.89,0.9883,0.9956,31.2727,88.0281,
synthetic,synthetic_panel,2176,0.7225,150000,150.0,108.0,0.1267,0,0,149920,99.9,0.303,0.283,37.24,43.63,43.54,0.9896,0.9941,41.5057,92.7649,27.21,43.01,43.47,0.9823,0.9916,31.702,82.2572,
synthetic,synthetic_panel,2176,0.7225,200000,200.0,144.0,0.169,0,0,199976,100.0,0.288,0.278,40.62,44.72,44.35,0.9932,0.9961,44.4405,94.9414,27.49,43.97,44.26,0.9844,0.993,32.3398,84.8362,
synthetic,synthetic_panel,2176,0.7225,250000,250.0,180.0,0.2112,0,0,249984,100.0,0.276,0.283,44.58,48.65,46.82,0.9955,0.9972,50.9844,95.9594,27.63,47.24,46.67,0.9881,0.9946,32.7426,86.4238,
synthetic,synthetic_panel,2176,0.7225,300000,300.0,216.0,0.2534,0,0,299932,100.0,0.278,0.279,48.34,52.21,48.6,0.9977,0.9983,55.3367,96.8473,27.69,49.47,48.24,0.9891,0.9952,32.8491,87.4485,
synthetic,synthetic_panel,2176,0.7225,301042,301.042,216.75,0.2543,0,1,301004,100.0,0.293,0.28,48.35,52.21,48.6,0.9977,0.9983,55.3452,96.8492,27.69,49.47,48.24,0.9891,0.9952,32.849,87.4517,
synthetic,synthetic_panel,2176,0.7225,350000,350.0,252.0,0.2957,0,0,349996,100.0,0.287,0.281,51.69,55.27,53.08,0.9988,0.999,58.7575,97.1211,27.71,50.73,51.22,0.99,0.9958,32.8585,87.7754,
synthetic,synthetic_panel,2176,0.7225,400000,400.0,288.0,0.3379,0,0,399944,100.0,0.274,0.284,53.53,57.3,56.14,0.9993,0.9994,60.952,97.2083,27.72,51.42,52.57,0.9904,0.996,32.8669,87.918,
synthetic,synthetic_panel,2176,0.7225,416667,416.667,300.0,0.352,1,0,416540,100.0,0.269,0.279,54.79,59.3,58.01,0.9994,0.9995,62.1834,97.2446,27.72,51.83,53.08,0.9905,0.9961,32.8711,87.9731,
synthetic,synthetic_panel,2176,0.7225,450000,450.0,324.0,0.3801,0,0,449992,100.0,0.288,0.28,56.12,62.87,59.93,0.9995,0.9996,63.1985,97.2815,27.72,52.21,53.42,0.9907,0.9962,32.8793,88.0296,
synthetic,synthetic_panel,2176,0.7225,500000,500.0,360.0,0.4224,0,0,499944,100.0,0.288,0.284,58.31,64.53,61.09,0.9997,0.9998,64.6679,97.3261,27.72,52.36,53.68,0.9908,0.9963,32.8807,88.0645,
synthetic,synthetic_panel,2176,0.7225,550000,550.0,396.0,0.4646,0,0,549928,100.0,0.273,0.285,61.39,68.28,66.72,0.9999,0.9999,66.8579,97.4158,27.73,52.49,54.26,0.991,0.9964,32.8838,88.1532,
synthetic,synthetic_panel,2304,0.81,150000,150.0,108.0,0.113,0,0,149968,100.0,0.28,0.293,36.26,43.52,44.38,0.9894,0.9942,40.0923,90.6701,28.13,42.82,43.93,0.9834,0.9921,33.2646,82.0312,
synthetic,synthetic_panel,2304,0.81,200000,200.0,144.0,0.1507,0,0,200000,100.0,0.287,0.281,40.69,44.71,45.15,0.9932,0.9961,44.0188,94.8347,28.61,43.86,44.62,0.9857,0.9935,34.1837,87.1885,
synthetic,synthetic_panel,2304,0.81,250000,250.0,180.0,0.1884,0,0,249952,100.0,0.277,0.283,44.0,47.66,48.35,0.9956,0.9971,49.5353,95.9188,28.79,46.22,47.41,0.989,0.9949,34.8041,88.6582,
synthetic,synthetic_panel,2304,0.81,300000,300.0,216.0,0.2261,0,0,299996,100.0,0.275,0.287,47.44,49.16,50.16,0.9978,0.9983,54.2683,96.6573,28.87,47.68,49.07,0.9906,0.9957,34.9109,89.2908,
synthetic,synthetic_panel,2304,0.81,337500,337.5,243.0,0.2543,0,1,337436,100.0,0.29,0.279,49.04,53.5,53.6,0.9983,0.9989,56.4952,96.8468,28.89,50.5,51.04,0.9912,0.9963,34.9662,89.5252,
synthetic,synthetic_panel,2304,0.81,350000,350.0,252.0,0.2637,0,0,349916,100.0,0.293,0.279,50.08,53.55,53.65,0.9985,0.999,57.4371,96.9203,28.9,50.52,51.09,0.9914,0.9963,34.9689,89.6415,
synthetic,synthetic_panel,2304,0.81,400000,400.0,288.0,0.3014,0,0,399992,100.0,0.293,0.28,52.39,58.43,56.84,0.9989,0.9994,59.4699,97.1229,28.91,52.11,52.28,0.9918,0.9967,34.9492,89.8868,
synthetic,synthetic_panel,2304,0.81,416667,416.667,300.0,0.314,1,0,416656,100.0,0.284,0.283,53.74,58.5,56.89,0.9993,0.9995,60.7947,97.2151,28.92,52.12,52.3,0.9921,0.9968,34.9514,89.9149,
synthetic,synthetic_panel,2304,0.81,450000,450.0,324.0,0.3391,0,0,449968,100.0,0.29,0.281,55.27,59.45,60.13,0.9995,0.9996,61.8918,97.2554,28.92,52.32,53.08,0.9923,0.9969,34.9608,89.9917,
synthetic,synthetic_panel,2304,0.81,500000,500.0,360.0,0.3768,0,0,499940,100.0,0.272,0.282,56.94,61.48,63.2,0.9997,0.9998,63.3826,97.317,28.92,52.76,53.5,0.9924,0.997,34.9679,90.0515,
synthetic,synthetic_panel,2304,0.81,550000,550.0,396.0,0.4144,0,0,549956,100.0,0.275,0.282,58.47,63.26,64.32,0.9998,0.9998,65.1723,97.3431,28.93,52.98,53.62,0.9925,0.9971,34.9786,90.0726,
synthetic,synthetic_panel,2432,0.9025,150000,150.0,108.0,0.1014,0,0,149988,100.0,0.278,0.292,36.69,44.28,44.26,0.9893,0.9944,41.0398,91.682,29.19,43.93,43.89,0.9842,0.9926,34.3968,82.0475,
synthetic,synthetic_panel,2432,0.9025,200000,200.0,144.0,0.1353,0,0,199896,99.9,0.277,0.285,41.05,44.8,45.51,0.993,0.996,45.0307,94.6833,29.84,44.46,44.85,0.9862,0.9936,35.7891,85.9339,
synthetic,synthetic_panel,2432,0.9025,250000,250.0,180.0,0.1691,0,0,249980,100.0,0.284,0.283,44.05,47.81,48.84,0.9955,0.9973,50.0854,95.8377,30.04,47.09,47.59,0.9898,0.9952,36.3709,87.4383,
synthetic,synthetic_panel,2432,0.9025,300000,300.0,216.0,0.2029,0,0,300000,100.0,0.274,0.284,46.67,49.58,49.45,0.9971,0.9981,53.1362,96.4407,30.15,48.85,48.14,0.9912,0.9959,36.5853,88.2427,
synthetic,synthetic_panel,2432,0.9025,350000,350.0,252.0,0.2367,0,0,349972,100.0,0.281,0.285,49.44,53.21,51.12,0.9981,0.9987,56.9211,96.8038,30.21,51.74,49.37,0.992,0.9965,36.7048,88.6898,
synthetic,synthetic_panel,2432,0.9025,376042,376.042,270.75,0.2543,0,1,376016,100.0,0.277,0.281,50.05,57.32,53.18,0.9983,0.999,57.8368,96.8999,30.23,54.12,50.72,0.9921,0.9967,36.747,88.8074,
synthetic,synthetic_panel,2432,0.9025,400000,400.0,288.0,0.2705,0,0,399940,100.0,0.277,0.286,51.81,57.38,53.25,0.9988,0.9992,58.9429,97.0263,30.25,54.21,50.78,0.9924,0.9969,36.7659,88.9105,
synthetic,synthetic_panel,2432,0.9025,416667,416.667,300.0,0.2818,1,0,416540,100.0,0.28,0.284,52.25,59.0,57.3,0.999,0.9994,59.8079,97.0862,30.25,55.0,52.57,0.9926,0.997,36.7755,88.9772,
synthetic,synthetic_panel,2432,0.9025,450000,450.0,324.0,0.3043,0,0,449920,100.0,0.272,0.28,53.31,59.1,57.37,0.9992,0.9995,60.9709,97.1823,30.26,55.12,52.62,0.9927,0.9971,36.791,89.0512,
synthetic,synthetic_panel,2432,0.9025,500000,500.0,360.0,0.3381,0,0,499968,100.0,0.283,0.285,55.3,60.71,60.36,0.9995,0.9996,62.3922,97.2587,30.27,55.71,53.36,0.9929,0.9972,36.8046,89.1391,
synthetic,synthetic_panel,2432,0.9025,550000,550.0,396.0,0.372,0,0,549872,100.0,0.272,0.281,57.64,63.35,65.45,0.9997,0.9998,63.6025,97.3112,30.28,56.33,53.93,0.993,0.9974,36.8107,89.1964,
synthetic,synthetic_panel,2560,1.0,150000,150.0,108.0,0.0916,0,0,149976,100.0,0.291,0.296,34.8,43.02,43.13,0.9887,0.9935,38.1956,87.9676,34.8,43.22,43.36,0.987,0.9933,38.1321,87.439,
synthetic,synthetic_panel,2560,1.0,200000,200.0,144.0,0.1221,0,0,199992,100.0,0.289,0.283,38.31,44.39,44.43,0.9908,0.995,42.0058,92.4236,38.31,44.6,44.62,0.9892,0.9946,41.9406,91.9567,
synthetic,synthetic_panel,2560,1.0,250000,250.0,180.0,0.1526,0,0,249928,100.0,0.291,0.287,43.32,44.8,44.74,0.9932,0.9961,45.8604,95.3457,43.29,45.01,44.98,0.9918,0.9958,45.8075,94.9151,
synthetic,synthetic_panel,2560,1.0,300000,300.0,216.0,0.1831,0,0,299900,100.0,0.291,0.285,45.05,48.57,47.36,0.9949,0.997,51.4753,95.8999,45.02,48.87,47.75,0.9949,0.9971,51.3047,95.8421,
synthetic,synthetic_panel,2560,1.0,350000,350.0,252.0,0.2136,0,0,349964,100.0,0.29,0.283,48.16,49.7,50.14,0.997,0.998,54.5733,96.5505,48.15,50.04,50.61,0.997,0.9981,54.3579,96.5122,
synthetic,synthetic_panel,2560,1.0,400000,400.0,288.0,0.2441,0,0,399996,100.0,0.291,0.282,50.29,52.08,52.28,0.9979,0.9986,56.6895,96.8061,50.25,52.56,52.81,0.9979,0.9987,56.404,96.7788,
synthetic,synthetic_panel,2560,1.0,416667,416.667,300.0,0.2543,1,1,416588,100.0,0.287,0.283,51.75,53.99,54.45,0.9984,0.9989,57.4878,96.9661,51.73,54.63,54.99,0.9984,0.999,57.2267,96.9444,
synthetic,synthetic_panel,2560,1.0,450000,450.0,324.0,0.2747,0,0,449972,100.0,0.285,0.283,52.78,55.44,57.16,0.999,0.9993,58.4963,97.1117,52.81,56.21,57.67,0.999,0.9994,58.2591,97.0933,
synthetic,synthetic_panel,2560,1.0,500000,500.0,360.0,0.3052,0,0,500000,100.0,0.288,0.285,55.09,57.46,60.62,0.9993,0.9995,60.2493,97.2113,55.08,58.38,61.35,0.9993,0.9996,59.9397,97.1976,
synthetic,synthetic_panel,2560,1.0,550000,550.0,396.0,0.3357,0,0,549984,100.0,0.276,0.285,56.91,59.69,62.32,0.9996,0.9997,62.2044,97.2741,56.92,60.64,63.1,0.9996,0.9997,61.8493,97.2648,
