source,wavelet,gains,resolution,cap_bytes,actual_bytes,encode_s,decode_s,scaled_psnr_y,scaled_psnr_u,scaled_psnr_v,scaled_ssim_y,scaled_ssim_all,scaled_psnr_hvs,scaled_vmaf,scaled_psnr_hvs_y,full_psnr_y,full_psnr_u,full_psnr_v,full_ssim_y,full_ssim_all,full_psnr_hvs,full_vmaf,full_psnr_hvs_y
kodak_kodim08,97,9/7 (own),2560,416667,416600,0.309,0.298,21.42,34.39,33.01,0.661009,0.804866,21.578829,56.335421,20.832953,21.42,34.39,33.16,0.661209,0.805094,21.580877,56.020182,20.828242
kodak_kodim08,53,native 5/3,2560,416667,416644,0.295,0.336,21.14,33.98,32.59,0.659486,0.804348,20.982392,52.372614,20.226685,21.14,33.98,32.72,0.659577,0.804625,20.98127,52.07996,20.220137
kodak_kodim08,53,9/7 table,2560,416667,416628,0.296,0.292,20.95,34.55,32.99,0.650698,0.801821,20.632859,54.206607,19.840019,20.95,34.56,33.12,0.650764,0.802064,20.631898,53.887289,19.834112
kodak_kodim04,97,9/7 (own),2560,416667,416544,0.318,0.297,30.55,41.85,35.04,0.82187,0.892402,30.247851,76.16359,29.995167,30.56,41.89,35.04,0.821892,0.892447,30.248957,75.825725,29.994492
kodak_kodim04,53,native 5/3,2560,416667,416656,0.313,0.295,30.25,41.36,34.49,0.819518,0.889954,29.642213,71.029526,29.391417,30.25,41.41,34.49,0.819533,0.890011,29.642434,70.68301,29.389128
kodak_kodim04,53,9/7 table,2560,416667,416636,0.313,0.325,30.03,42.46,35.77,0.814303,0.894857,29.509893,70.645462,29.016446,30.04,42.5,35.77,0.814316,0.894884,29.509649,70.28481,29.015282
synthetic_panel,97,9/7 (own),2560,416667,416588,0.309,0.298,51.75,53.99,54.45,0.99837,0.998936,57.487805,96.966125,57.334128,51.73,54.63,54.99,0.998375,0.999025,57.226663,96.944425,57.072859
synthetic_panel,53,native 5/3,2560,416667,416636,0.29,0.289,49.39,50.31,50.41,0.998668,0.998731,56.405984,96.786334,56.80034,49.37,50.59,50.77,0.998627,0.998782,56.014459,96.762732,56.437118
synthetic_panel,53,9/7 table,2560,416667,416664,0.308,0.326,46.86,49.7,50.7,0.998224,0.998589,55.595726,96.691967,55.549935,46.86,49.9,51.06,0.998207,0.998636,55.190248,96.662354,55.19631
