t,cur_freq_hz,busy_pct,thermal_pwrlevel,hottest_c
1790193894.5,421000000,35,0,71.6
1790193896.6,421000000,0,0,70.3
1790193898.7,750000000,39,1,76.7
1790193900.7,599000000,20,0,72.3
1790193902.8,599000000,20,0,72.6
1790193904.8,599000000,6,0,69.9
1790193906.9,599000000,6,0,69.9
1790193909.0,599000000,0,0,75
1790193911.0,599000000,32,1,74
1790193913.1,599000000,16,0,71.6
1790193915.2,788000000,43,0,74.7
1790193917.2,788000000,53,0,75
1790193919.3,788000000,52,0,76
1790193921.4,788000000,53,0,76.4
1790193923.4,788000000,52,0,79.1
1790193925.5,788000000,53,0,78.1
1790193927.6,788000000,50,0,78.7
1790193929.7,788000000,53,0,79.4
1790193931.8,788000000,56,0,80.4
1790193933.8,788000000,56,0,80.1
1790193935.9,788000000,57,0,80.8
1790193938.0,788000000,55,0,81.1
1790193940.0,788000000,55,0,80.8
1790193942.1,788000000,52,0,81.8
1790193944.2,788000000,54,0,81.8
1790193946.2,788000000,56,0,82.5
1790193948.3,788000000,52,0,81.8
1790193950.4,788000000,51,0,82.8
1790193952.5,788000000,51,0,82.8
1790193954.5,788000000,52,0,83.5
1790193956.6,788000000,52,0,83.8
1790193958.7,788000000,51,0,82.1
1790193960.7,788000000,52,0,81.8
